degree,lambda,trial,seed,algorithm,runtime_sec,shd,cpdag_shd,mec_match,precision,recall,f1,n_edges_true,n_edges_est
1,0.0,1,89250953,CD_A,75.19617020012811,5,9.0,0,0.7777777777777778,0.9333333333333333,0.8484848484848485,15,18
1,0.0,1,89250953,CD_B,87.99597509996966,15,5.0,0,0.5,0.6,0.5454545454545454,15,18
1,0.0,1,89250953,CD_BOmega,95.14470120007172,9,2.0,0,0.6875,0.7333333333333333,0.7096774193548386,15,16
1,0.05,1,89250953,CD_A,44.12960129999556,4,0.0,1,0.8666666666666667,0.8666666666666667,0.8666666666666667,15,15
1,0.05,1,89250953,CD_B,51.761891700094566,12,15.0,0,0.5714285714285714,0.8,0.6666666666666666,15,21
1,0.05,1,89250953,CD_BOmega,66.71206359984353,15,18.0,0,0.5,0.6666666666666666,0.5714285714285715,15,20
1,0.1,1,89250953,CD_A,45.74192739999853,4,0.0,1,0.8666666666666667,0.8666666666666667,0.8666666666666667,15,15
1,0.1,1,89250953,CD_B,54.16370190004818,15,18.0,0,0.5,0.6666666666666666,0.5714285714285715,15,20
1,0.1,1,89250953,CD_BOmega,64.42398740001954,10,14.0,0,0.6470588235294118,0.7333333333333333,0.6875,15,17
1,0.2,1,89250953,CD_A,45.17264520004392,4,2.0,0,0.8666666666666667,0.8666666666666667,0.8666666666666667,15,15
1,0.2,1,89250953,CD_B,51.67691530007869,10,14.0,0,0.6470588235294118,0.7333333333333333,0.6875,15,17
1,0.2,1,89250953,CD_BOmega,57.35872260015458,3,4.0,0,1.0,0.8,0.888888888888889,15,12
1,0.3,1,89250953,CD_A,39.40131890005432,3,3.0,0,0.9285714285714286,0.8666666666666667,0.896551724137931,15,14
1,0.3,1,89250953,CD_B,44.961671399883926,7,13.0,0,0.7857142857142857,0.7333333333333333,0.7586206896551724,15,14
1,0.3,1,89250953,CD_BOmega,55.66511099995114,8,11.0,0,1.0,0.4666666666666667,0.6363636363636364,15,7
1,,1,89250953,GOLEM,502.0006658998318,31,17.0,0,0.0,0.0,0.0,15,16
1,0.0,2,773956048,CD_A,76.86220129998401,8,8.0,0,0.7142857142857143,0.8823529411764706,0.7894736842105262,17,21
1,0.0,2,773956048,CD_B,82.06818039994687,19,20.0,0,0.4583333333333333,0.6470588235294118,0.5365853658536585,17,24
1,0.0,2,773956048,CD_BOmega,92.90010119997896,18,15.0,0,0.48,0.7058823529411765,0.5714285714285713,17,25
1,0.05,2,773956048,CD_A,41.637278699781746,7,1.0,0,0.7777777777777778,0.8235294117647058,0.7999999999999999,17,18
1,0.05,2,773956048,CD_B,49.670899600023404,7,13.0,0,0.75,0.8823529411764706,0.8108108108108107,17,20
1,0.05,2,773956048,CD_BOmega,61.0005612000823,7,8.0,0,0.75,0.8823529411764706,0.8108108108108107,17,20
1,0.1,2,773956048,CD_A,41.69588420004584,7,1.0,0,0.7777777777777778,0.8235294117647058,0.7999999999999999,17,18
1,0.1,2,773956048,CD_B,49.959466399857774,7,8.0,0,0.75,0.8823529411764706,0.8108108108108107,17,20
1,0.1,2,773956048,CD_BOmega,63.3909037001431,8,15.0,0,0.7368421052631579,0.8235294117647058,0.7777777777777778,17,19
1,0.2,2,773956048,CD_A,43.581314999843016,9,7.0,0,0.7222222222222222,0.7647058823529411,0.7428571428571428,17,18
1,0.2,2,773956048,CD_B,49.924872800009325,10,14.0,0,0.7058823529411765,0.7058823529411765,0.7058823529411765,17,17
1,0.2,2,773956048,CD_BOmega,61.48049470013939,5,7.0,0,0.9285714285714286,0.7647058823529411,0.8387096774193549,17,14
1,0.3,2,773956048,CD_A,42.8372887999285,8,8.0,0,0.7647058823529411,0.7647058823529411,0.7647058823529412,17,17
1,0.3,2,773956048,CD_B,49.665399599820375,4,8.0,0,0.8823529411764706,0.8823529411764706,0.8823529411764706,17,17
1,0.3,2,773956048,CD_BOmega,62.10544109996408,10,17.0,0,1.0,0.4117647058823529,0.5833333333333334,17,7
1,,2,773956048,GOLEM,486.5254995999858,32,23.0,0,0.058823529411764705,0.058823529411764705,0.058823529411764705,17,17
1,0.0,3,654571518,CD_A,79.71782479993999,3,1.0,0,0.8571428571428571,0.9230769230769231,0.888888888888889,13,14
1,0.0,3,654571518,CD_B,83.80580740002915,22,21.0,0,0.30434782608695654,0.5384615384615384,0.3888888888888889,13,23
1,0.0,3,654571518,CD_BOmega,94.39289560006,16,7.0,0,0.4117647058823529,0.5384615384615384,0.4666666666666667,13,17
1,0.05,3,654571518,CD_A,42.41974819987081,6,3.0,0,0.7333333333333333,0.8461538461538461,0.7857142857142856,13,15
1,0.05,3,654571518,CD_B,49.354378199903294,0,0.0,1,1.0,1.0,1.0,13,13
1,0.05,3,654571518,CD_BOmega,63.394289599964395,5,8.0,0,0.7857142857142857,0.8461538461538461,0.8148148148148148,13,14
1,0.1,3,654571518,CD_A,42.74458679999225,7,4.0,0,0.7142857142857143,0.7692307692307693,0.7407407407407408,13,14
1,0.1,3,654571518,CD_B,49.849210700020194,0,0.0,1,1.0,1.0,1.0,13,13
1,0.1,3,654571518,CD_BOmega,63.697619599988684,4,6.0,0,0.8461538461538461,0.8461538461538461,0.8461538461538461,13,13
1,0.2,3,654571518,CD_A,43.82364699989557,0,0.0,1,1.0,1.0,1.0,13,13
1,0.2,3,654571518,CD_B,50.35028229979798,2,4.0,0,0.9230769230769231,0.9230769230769231,0.9230769230769231,13,13
1,0.2,3,654571518,CD_BOmega,62.43151740008034,6,8.0,0,1.0,0.5384615384615384,0.7000000000000001,13,7
1,0.3,3,654571518,CD_A,42.39514369983226,0,0.0,1,1.0,1.0,1.0,13,13
1,0.3,3,654571518,CD_B,49.89399420004338,3,5.0,0,0.9166666666666666,0.8461538461538461,0.8799999999999999,13,12
1,0.3,3,654571518,CD_BOmega,61.887265199795365,9,13.0,0,1.0,0.3076923076923077,0.47058823529411764,13,4
1,,3,654571518,GOLEM,494.62882540002465,25,17.0,0,0.0,0.0,0.0,13,12
1,0.0,4,438878439,CD_A,75.88579980004579,7,6.0,0,0.7916666666666666,0.9047619047619048,0.8444444444444444,21,24
1,0.0,4,438878439,CD_B,85.17493239999749,24,11.0,0,0.4482758620689655,0.6190476190476191,0.52,21,29
1,0.0,4,438878439,CD_BOmega,95.17229319992475,31,20.0,0,0.34375,0.5238095238095238,0.4150943396226415,21,32
1,0.05,4,438878439,CD_A,44.26963449991308,13,14.0,0,0.6538461538461539,0.8095238095238095,0.7234042553191489,21,26
1,0.05,4,438878439,CD_B,51.536008400144055,23,30.0,0,0.46875,0.7142857142857143,0.5660377358490566,21,32
1,0.05,4,438878439,CD_BOmega,64.252439300064,27,28.0,0,0.38461538461538464,0.47619047619047616,0.42553191489361697,21,26
1,0.1,4,438878439,CD_A,43.69871059991419,11,9.0,0,0.7083333333333334,0.8095238095238095,0.7555555555555556,21,24
1,0.1,4,438878439,CD_B,51.74945250013843,24,25.0,0,0.4482758620689655,0.6190476190476191,0.52,21,29
1,0.1,4,438878439,CD_BOmega,64.17386729991995,20,21.0,0,0.5217391304347826,0.5714285714285714,0.5454545454545454,21,23
1,0.2,4,438878439,CD_A,43.80720630008727,8,6.0,0,0.8095238095238095,0.8095238095238095,0.8095238095238095,21,21
1,0.2,4,438878439,CD_B,51.60926549998112,25,26.0,0,0.4230769230769231,0.5238095238095238,0.4680851063829788,21,26
1,0.2,4,438878439,CD_BOmega,62.96758929989301,12,18.0,0,0.7647058823529411,0.6190476190476191,0.6842105263157895,21,17
1,0.3,4,438878439,CD_A,44.13762529985979,9,7.0,0,0.8,0.7619047619047619,0.7804878048780488,21,20
1,0.3,4,438878439,CD_B,50.28128039999865,14,22.0,0,0.6842105263157895,0.6190476190476191,0.6500000000000001,21,19
1,0.3,4,438878439,CD_BOmega,61.87396060000174,17,24.0,0,0.8333333333333334,0.23809523809523808,0.37037037037037035,21,6
1,,4,438878439,GOLEM,490.84381460002623,44,31.0,0,0.0,0.0,0.0,21,23
1,0.0,5,433015235,CD_A,76.01558150001802,8,5.0,0,0.6875,0.7857142857142857,0.7333333333333334,14,16
1,0.0,5,433015235,CD_B,82.9690213999711,26,22.0,0,0.25,0.42857142857142855,0.3157894736842105,14,24
1,0.0,5,433015235,CD_BOmega,94.44450869993307,32,22.0,0,0.15384615384615385,0.2857142857142857,0.2,14,26
1,0.05,5,433015235,CD_A,42.66409539990127,5,1.0,0,0.8,0.8571428571428571,0.8275862068965518,14,15
1,0.05,5,433015235,CD_B,49.5737264000345,3,1.0,0,0.8666666666666667,0.9285714285714286,0.896551724137931,14,15
1,0.05,5,433015235,CD_BOmega,62.99386569997296,4,2.0,0,0.8571428571428571,0.8571428571428571,0.8571428571428571,14,14
1,0.1,5,433015235,CD_A,42.73205909994431,9,13.0,0,0.6470588235294118,0.7857142857142857,0.7096774193548386,14,17
1,0.1,5,433015235,CD_B,50.298332599923015,4,2.0,0,0.8571428571428571,0.8571428571428571,0.8571428571428571,14,14
1,0.1,5,433015235,CD_BOmega,62.05955219990574,6,12.0,0,0.8333333333333334,0.7142857142857143,0.7692307692307692,14,12
1,0.2,5,433015235,CD_A,42.157995800022036,8,4.0,0,0.7142857142857143,0.7142857142857143,0.7142857142857143,14,14
1,0.2,5,433015235,CD_B,50.07342499983497,4,0.0,1,0.8571428571428571,0.8571428571428571,0.8571428571428571,14,14
1,0.2,5,433015235,CD_BOmega,61.697793000144884,6,12.0,0,0.9,0.6428571428571429,0.75,14,10
1,0.3,5,433015235,CD_A,43.12602590001188,10,10.0,0,0.6428571428571429,0.6428571428571429,0.6428571428571429,14,14
1,0.3,5,433015235,CD_B,50.142171799903736,6,12.0,0,0.8333333333333334,0.7142857142857143,0.7692307692307692,14,12
1,0.3,5,433015235,CD_BOmega,61.09894990012981,12,20.0,0,0.75,0.21428571428571427,0.3333333333333333,14,4
1,,5,433015235,GOLEM,484.504368300084,30,23.0,0,0.0,0.0,0.0,14,16
1,0.0,6,858597919,CD_A,77.12071299995296,3,1.0,0,0.75,0.8571428571428571,0.7999999999999999,7,8
1,0.0,6,858597919,CD_B,83.6667053999845,8,3.0,0,0.4444444444444444,0.5714285714285714,0.5,7,9
1,0.0,6,858597919,CD_BOmega,95.32747710007243,8,3.0,0,0.4444444444444444,0.5714285714285714,0.5,7,9
1,0.05,6,858597919,CD_A,41.79735320014879,3,1.0,0,0.75,0.8571428571428571,0.7999999999999999,7,8
1,0.05,6,858597919,CD_B,49.561448000138626,0,0.0,1,1.0,1.0,1.0,7,7
1,0.05,6,858597919,CD_BOmega,62.40312570007518,2,0.0,1,0.8571428571428571,0.8571428571428571,0.8571428571428571,7,7
1,0.1,6,858597919,CD_A,43.06674119993113,3,1.0,0,0.75,0.8571428571428571,0.7999999999999999,7,8
1,0.1,6,858597919,CD_B,49.1241002001334,0,0.0,1,1.0,1.0,1.0,7,7
1,0.1,6,858597919,CD_BOmega,62.54286030004732,0,0.0,1,1.0,1.0,1.0,7,7
1,0.2,6,858597919,CD_A,41.23855290003121,0,0.0,1,1.0,1.0,1.0,7,7
1,0.2,6,858597919,CD_B,49.21997869992629,0,0.0,1,1.0,1.0,1.0,7,7
1,0.2,6,858597919,CD_BOmega,61.769705599872395,3,5.0,0,1.0,0.5714285714285714,0.7272727272727273,7,4
1,0.3,6,858597919,CD_A,42.443385999882594,0,0.0,1,1.0,1.0,1.0,7,7
1,0.3,6,858597919,CD_B,48.48125239997171,0,0.0,1,1.0,1.0,1.0,7,7
1,0.3,6,858597919,CD_BOmega,60.21254610014148,6,8.0,0,1.0,0.14285714285714285,0.25,7,1
1,,6,858597919,GOLEM,494.6753976000473,13,6.0,0,0.0,0.0,0.0,7,6
1,0.0,7,201469535,CD_A,75.89565830002539,5,2.0,0,0.8333333333333334,0.8823529411764706,0.8571428571428571,17,18
1,0.0,7,201469535,CD_B,83.21113469987176,23,12.0,0,0.38461538461538464,0.5882352941176471,0.46511627906976744,17,26
1,0.0,7,201469535,CD_BOmega,94.8288708999753,23,12.0,0,0.38461538461538464,0.5882352941176471,0.46511627906976744,17,26
1,0.05,7,201469535,CD_A,43.10345739987679,3,2.0,0,0.8888888888888888,0.9411764705882353,0.9142857142857143,17,18
1,0.05,7,201469535,CD_B,50.73067119996995,11,14.0,0,0.6363636363636364,0.8235294117647058,0.717948717948718,17,22
1,0.05,7,201469535,CD_BOmega,63.962413700064644,11,14.0,0,0.6363636363636364,0.8235294117647058,0.717948717948718,17,22
1,0.1,7,201469535,CD_A,43.59759020013735,3,2.0,0,0.8888888888888888,0.9411764705882353,0.9142857142857143,17,18
1,0.1,7,201469535,CD_B,50.662389300065115,11,14.0,0,0.6363636363636364,0.8235294117647058,0.717948717948718,17,22
1,0.1,7,201469535,CD_BOmega,62.877911400049925,4,8.0,0,0.8823529411764706,0.8823529411764706,0.8823529411764706,17,17
1,0.2,7,201469535,CD_A,43.40753090009093,0,0.0,1,1.0,1.0,1.0,17,17
1,0.2,7,201469535,CD_B,51.187562899896875,3,7.0,0,0.8888888888888888,0.9411764705882353,0.9142857142857143,17,18
1,0.2,7,201469535,CD_BOmega,62.402023599948734,8,18.0,0,0.9090909090909091,0.5882352941176471,0.7142857142857143,17,11
1,0.3,7,201469535,CD_A,43.62312479992397,1,4.0,0,1.0,0.9411764705882353,0.9696969696969697,17,16
1,0.3,7,201469535,CD_B,49.75586519995704,5,12.0,0,0.875,0.8235294117647058,0.8484848484848485,17,16
1,0.3,7,201469535,CD_BOmega,61.73774360003881,14,26.0,0,1.0,0.17647058823529413,0.3,17,3
1,,7,201469535,GOLEM,488.8860275000334,33,33.0,0,0.0,0.0,0.0,17,16
1,0.0,8,94177347,CD_A,76.20128419995308,0,0.0,1,1.0,1.0,1.0,12,12
1,0.0,8,94177347,CD_B,83.29933770000935,19,11.0,0,0.29411764705882354,0.4166666666666667,0.3448275862068966,12,17
1,0.0,8,94177347,CD_BOmega,95.15508230007254,15,10.0,0,0.42105263157894735,0.6666666666666666,0.5161290322580646,12,19
1,0.05,8,94177347,CD_A,42.97569019999355,9,2.0,0,0.6153846153846154,0.6666666666666666,0.64,12,13
1,0.05,8,94177347,CD_B,50.39489459991455,0,0.0,1,1.0,1.0,1.0,12,12
1,0.05,8,94177347,CD_BOmega,63.404883600072935,3,3.0,0,0.8461538461538461,0.9166666666666666,0.8799999999999999,12,13
1,0.1,8,94177347,CD_A,42.58751540002413,9,5.0,0,0.6153846153846154,0.6666666666666666,0.64,12,13
1,0.1,8,94177347,CD_B,50.16082639992237,3,3.0,0,0.8461538461538461,0.9166666666666666,0.8799999999999999,12,13
1,0.1,8,94177347,CD_BOmega,62.44023540010676,2,2.0,0,0.9166666666666666,0.9166666666666666,0.9166666666666666,12,12
1,0.2,8,94177347,CD_A,42.60713600018062,9,5.0,0,0.6153846153846154,0.6666666666666666,0.64,12,13
1,0.2,8,94177347,CD_B,50.100737399887294,4,4.0,0,0.8333333333333334,0.8333333333333334,0.8333333333333334,12,12
1,0.2,8,94177347,CD_BOmega,62.73979160003364,5,5.0,0,0.8888888888888888,0.6666666666666666,0.761904761904762,12,9
1,0.3,8,94177347,CD_A,42.63096989993937,9,5.0,0,0.6153846153846154,0.6666666666666666,0.64,12,13
1,0.3,8,94177347,CD_B,49.56833710009232,3,3.0,0,0.9090909090909091,0.8333333333333334,0.8695652173913043,12,11
1,0.3,8,94177347,CD_BOmega,62.2017318001017,7,9.0,0,1.0,0.4166666666666667,0.5882352941176471,12,5
1,,8,94177347,GOLEM,485.3585345998872,26,7.0,0,0.0,0.0,0.0,12,14
1,0.0,9,526478978,CD_A,77.23846429982223,7,6.0,0,0.75,0.8823529411764706,0.8108108108108107,17,20
1,0.0,9,526478978,CD_B,84.25286839995533,19,5.0,0,0.45,0.5294117647058824,0.48648648648648646,17,20
1,0.0,9,526478978,CD_BOmega,97.21226909989491,28,18.0,0,0.2962962962962963,0.47058823529411764,0.3636363636363636,17,27
1,0.05,9,526478978,CD_A,44.39075699984096,8,5.0,0,0.7368421052631579,0.8235294117647058,0.7777777777777778,17,19
1,0.05,9,526478978,CD_B,51.78327519982122,0,0.0,1,1.0,1.0,1.0,17,17
1,0.05,9,526478978,CD_BOmega,65.26567259989679,0,0.0,1,1.0,1.0,1.0,17,17
1,0.1,9,526478978,CD_A,43.39959149993956,6,0.0,1,0.8235294117647058,0.8235294117647058,0.8235294117647058,17,17
1,0.1,9,526478978,CD_B,52.09598260000348,0,0.0,1,1.0,1.0,1.0,17,17
1,0.1,9,526478978,CD_BOmega,66.09987780009396,3,4.0,0,0.9375,0.8823529411764706,0.9090909090909091,17,16
1,0.2,9,526478978,CD_A,44.10734190000221,14,7.0,0,0.5882352941176471,0.5882352941176471,0.5882352941176471,17,17
1,0.2,9,526478978,CD_B,51.740911700064316,3,4.0,0,0.9375,0.8823529411764706,0.9090909090909091,17,16
1,0.2,9,526478978,CD_BOmega,64.45034049986862,7,11.0,0,0.8571428571428571,0.7058823529411765,0.7741935483870968,17,14
1,0.3,9,526478978,CD_A,44.152407800080255,14,8.0,0,0.6,0.5294117647058824,0.5625,17,15
1,0.3,9,526478978,CD_B,53.66973049985245,5,6.0,0,0.875,0.8235294117647058,0.8484848484848485,17,16
1,0.3,9,526478978,CD_BOmega,63.766182699939236,7,13.0,0,1.0,0.5882352941176471,0.7407407407407407,17,10
1,,9,526478978,GOLEM,486.94183529983275,32,19.0,0,0.10526315789473684,0.11764705882352941,0.1111111111111111,17,19
1,0.0,10,975622351,CD_A,75.81432859995402,29,28.0,0,0.3225806451612903,0.5555555555555556,0.40816326530612246,18,31
1,0.0,10,975622351,CD_B,84.09211970004253,7,6.0,0,0.7619047619047619,0.8888888888888888,0.8205128205128205,18,21
1,0.0,10,975622351,CD_BOmega,95.5310657999944,7,6.0,0,0.7619047619047619,0.8888888888888888,0.8205128205128205,18,21
1,0.05,10,975622351,CD_A,44.059329100186005,18,19.0,0,0.5,0.7222222222222222,0.5909090909090908,18,26
1,0.05,10,975622351,CD_B,51.03386129997671,21,18.0,0,0.43478260869565216,0.5555555555555556,0.4878048780487805,18,23
1,0.05,10,975622351,CD_BOmega,63.59756330004893,19,17.0,0,0.47619047619047616,0.5555555555555556,0.5128205128205129,18,21
1,0.1,10,975622351,CD_A,44.196151799988,15,16.0,0,0.56,0.7777777777777778,0.6511627906976745,18,25
1,0.1,10,975622351,CD_B,50.575199000071734,15,10.0,0,0.5789473684210527,0.6111111111111112,0.5945945945945946,18,19
1,0.1,10,975622351,CD_BOmega,63.984438200015575,13,11.0,0,0.631578947368421,0.6666666666666666,0.6486486486486486,18,19
1,0.2,10,975622351,CD_A,43.93108840007335,13,18.0,0,0.6190476190476191,0.7222222222222222,0.6666666666666666,18,21
1,0.2,10,975622351,CD_B,50.497032900108024,13,11.0,0,0.631578947368421,0.6666666666666666,0.6486486486486486,18,19
1,0.2,10,975622351,CD_BOmega,63.12328039994463,11,12.0,0,0.7692307692307693,0.5555555555555556,0.6451612903225806,18,13
1,0.3,10,975622351,CD_A,43.947615100070834,14,17.0,0,0.5909090909090909,0.7222222222222222,0.65,18,22
1,0.3,10,975622351,CD_B,50.25833719992079,10,13.0,0,0.7222222222222222,0.7222222222222222,0.7222222222222222,18,18
1,0.3,10,975622351,CD_BOmega,62.52583669987507,15,16.0,0,0.6666666666666666,0.3333333333333333,0.4444444444444444,18,9
1,,10,975622351,GOLEM,489.9375736999791,29,23.0,0,0.13333333333333333,0.1111111111111111,0.1212121212121212,18,15
2,0.0,1,735752370,CD_A,75.80509050004184,28,81.0,0,0.5925925925925926,0.8421052631578947,0.6956521739130435,38,54
2,0.0,1,735752370,CD_B,83.0637189000845,92,169.0,0,0.20652173913043478,0.5,0.2923076923076923,38,92
2,0.0,1,735752370,CD_BOmega,95.99394620000385,117,251.0,0,0.1565217391304348,0.47368421052631576,0.23529411764705882,38,115
2,0.05,1,735752370,CD_A,47.54349340009503,29,92.0,0,0.5849056603773585,0.8157894736842105,0.6813186813186812,38,53
2,0.05,1,735752370,CD_B,55.58068250003271,46,152.0,0,0.4411764705882353,0.7894736842105263,0.5660377358490566,38,68
2,0.05,1,735752370,CD_BOmega,65.45415050000884,37,98.0,0,0.509090909090909,0.7368421052631579,0.6021505376344085,38,55
2,0.1,1,735752370,CD_A,46.26903680013493,28,68.0,0,0.5961538461538461,0.8157894736842105,0.6888888888888889,38,52
2,0.1,1,735752370,CD_B,53.04629490012303,32,90.0,0,0.5576923076923077,0.7631578947368421,0.6444444444444444,38,52
2,0.1,1,735752370,CD_BOmega,63.19490939984098,45,83.0,0,0.4146341463414634,0.4473684210526316,0.430379746835443,38,41
2,0.2,1,735752370,CD_A,45.79733680002391,28,60.0,0,0.6136363636363636,0.7105263157894737,0.6585365853658537,38,44
2,0.2,1,735752370,CD_B,53.732799999881536,29,72.0,0,0.5957446808510638,0.7368421052631579,0.6588235294117647,38,47
2,0.2,1,735752370,CD_BOmega,63.335739800008014,34,56.0,0,0.5833333333333334,0.3684210526315789,0.4516129032258065,38,24
2,0.3,1,735752370,CD_A,45.00652600009926,33,69.0,0,0.5581395348837209,0.631578947368421,0.5925925925925927,38,43
2,0.3,1,735752370,CD_B,50.863076500128955,47,72.0,0,0.37142857142857144,0.34210526315789475,0.35616438356164387,38,35
2,0.3,1,735752370,CD_BOmega,61.95034600002691,27,57.0,0,0.9230769230769231,0.3157894736842105,0.47058823529411764,38,13
2,,1,735752370,GOLEM,528.7895551000256,59,100.0,0,0.18181818181818182,0.15789473684210525,0.16901408450704225,38,33
2,0.0,2,761139701,CD_A,76.06326980004087,46,80.0,0,0.3157894736842105,0.72,0.43902439024390244,25,57
2,0.0,2,761139701,CD_B,83.05358679988421,42,88.0,0,0.33962264150943394,0.72,0.4615384615384615,25,53
2,0.0,2,761139701,CD_BOmega,97.52403510012664,60,87.0,0,0.21311475409836064,0.52,0.3023255813953488,25,61
2,0.05,2,761139701,CD_A,44.83869990007952,22,20.0,0,0.5454545454545454,0.72,0.6206896551724138,25,33
2,0.05,2,761139701,CD_B,51.952339499956,22,36.0,0,0.5454545454545454,0.72,0.6206896551724138,25,33
2,0.05,2,761139701,CD_BOmega,63.817707899957895,22,34.0,0,0.5517241379310345,0.64,0.5925925925925927,25,29
2,0.1,2,761139701,CD_A,44.1688773999922,20,27.0,0,0.5925925925925926,0.64,0.6153846153846153,25,27
2,0.1,2,761139701,CD_B,51.3452062997967,23,36.0,0,0.5333333333333333,0.64,0.5818181818181818,25,30
2,0.1,2,761139701,CD_BOmega,63.19897719984874,26,31.0,0,0.4782608695652174,0.44,0.4583333333333333,25,23
2,0.2,2,761139701,CD_A,44.2461415999569,16,21.0,0,0.6956521739130435,0.64,0.6666666666666666,25,23
2,0.2,2,761139701,CD_B,51.20596189983189,20,30.0,0,0.6,0.6,0.6,25,25
2,0.2,2,761139701,CD_BOmega,62.57385059981607,19,28.0,0,0.6666666666666666,0.48,0.5581395348837209,25,18
2,0.3,2,761139701,CD_A,43.39777810010128,22,32.0,0,0.5714285714285714,0.48,0.5217391304347826,25,21
2,0.3,2,761139701,CD_B,49.88095809984952,25,33.0,0,0.5,0.44,0.46808510638297873,25,22
2,0.3,2,761139701,CD_BOmega,62.268773399991915,25,34.0,0,0.5,0.16,0.24242424242424243,25,8
2,,2,761139701,GOLEM,496.42338890000246,43,53.0,0,0.05,0.04,0.044444444444444446,25,20
2,0.0,3,717477276,CD_A,76.30691319983453,56,111.0,0,0.39473684210526316,0.75,0.5172413793103448,40,76
2,0.0,3,717477276,CD_B,83.60515110008419,92,120.0,0,0.21739130434782608,0.5,0.30303030303030304,40,92
2,0.0,3,717477276,CD_BOmega,95.80411510006525,118,155.0,0,0.15178571428571427,0.425,0.2236842105263158,40,112
2,0.05,3,717477276,CD_A,47.727385099977255,51,105.0,0,0.4067796610169492,0.6,0.4848484848484849,40,59
2,0.05,3,717477276,CD_B,50.95642499998212,69,107.0,0,0.27692307692307694,0.45,0.34285714285714286,40,65
2,0.05,3,717477276,CD_BOmega,60.15010299999267,53,94.0,0,0.37735849056603776,0.5,0.43010752688172044,40,53
2,0.1,3,717477276,CD_A,45.32928730011918,41,69.0,0,0.48936170212765956,0.575,0.5287356321839081,40,47
2,0.1,3,717477276,CD_B,50.62690200004727,57,96.0,0,0.34545454545454546,0.475,0.4,40,55
2,0.1,3,717477276,CD_BOmega,64.1053222999908,41,65.0,0,0.48717948717948717,0.475,0.4810126582278481,40,39
2,0.2,3,717477276,CD_A,44.76448220014572,43,80.0,0,0.4666666666666667,0.525,0.49411764705882355,40,45
2,0.2,3,717477276,CD_B,51.877155900001526,40,69.0,0,0.5,0.475,0.48717948717948717,40,38
2,0.2,3,717477276,CD_BOmega,63.89948430005461,45,70.0,0,0.4074074074074074,0.275,0.32835820895522394,40,27
2,0.3,3,717477276,CD_A,45.452370199840516,46,88.0,0,0.425,0.425,0.425,40,40
2,0.3,3,717477276,CD_B,50.964396100025624,42,72.0,0,0.4722222222222222,0.425,0.4473684210526316,40,36
2,0.3,3,717477276,CD_BOmega,62.375537199899554,37,60.0,0,0.6153846153846154,0.2,0.30188679245283023,40,13
2,,3,717477276,GOLEM,495.53445499995723,68,94.0,0,0.13157894736842105,0.125,0.12820512820512822,40,38
2,0.0,4,786064305,CD_A,76.1423317999579,19,36.0,0,0.6153846153846154,0.8571428571428571,0.7164179104477612,28,39
2,0.0,4,786064305,CD_B,84.09142689988948,73,107.0,0,0.17391304347826086,0.42857142857142855,0.24742268041237112,28,69
2,0.0,4,786064305,CD_BOmega,94.35614270018414,101,191.0,0,0.11578947368421053,0.39285714285714285,0.1788617886178862,28,95
2,0.05,4,786064305,CD_A,45.281558600021526,22,24.0,0,0.5882352941176471,0.7142857142857143,0.6451612903225806,28,34
2,0.05,4,786064305,CD_B,51.70080120000057,9,8.0,0,0.8064516129032258,0.8928571428571429,0.8474576271186439,28,31
2,0.05,4,786064305,CD_BOmega,65.7495881000068,9,15.0,0,0.8275862068965517,0.8571428571428571,0.8421052631578947,28,29
2,0.1,4,786064305,CD_A,46.22148710000329,19,19.0,0,0.6451612903225806,0.7142857142857143,0.6779661016949152,28,31
2,0.1,4,786064305,CD_B,51.83920279983431,13,18.0,0,0.7419354838709677,0.8214285714285714,0.7796610169491526,28,31
2,0.1,4,786064305,CD_BOmega,65.83612310001627,15,18.0,0,0.7096774193548387,0.7857142857142857,0.7457627118644068,28,31
2,0.2,4,786064305,CD_A,44.279640399850905,19,19.0,0,0.6551724137931034,0.6785714285714286,0.6666666666666666,28,29
2,0.2,4,786064305,CD_B,52.49136559991166,19,30.0,0,0.6451612903225806,0.7142857142857143,0.6779661016949152,28,31
2,0.2,4,786064305,CD_BOmega,63.64043440017849,15,22.0,0,0.782608695652174,0.6428571428571429,0.7058823529411765,28,23
2,0.3,4,786064305,CD_A,44.90363510022871,14,16.0,0,0.7692307692307693,0.7142857142857143,0.7407407407407408,28,26
2,0.3,4,786064305,CD_B,52.15152129996568,14,24.0,0,0.75,0.75,0.75,28,28
2,0.3,4,786064305,CD_BOmega,61.950669599929824,24,40.0,0,0.75,0.21428571428571427,0.3333333333333333,28,8
2,,4,786064305,GOLEM,492.3899288000539,51,55.0,0,0.10344827586206896,0.10714285714285714,0.10526315789473684,28,29
2,0.0,5,513226573,CD_A,76.76667590020224,60,77.0,0,0.3188405797101449,0.6285714285714286,0.4230769230769231,35,69
2,0.0,5,513226573,CD_B,83.32966920011677,61,75.0,0,0.30303030303030304,0.5714285714285714,0.39603960396039606,35,66
2,0.0,5,513226573,CD_BOmega,95.32542870007455,28,22.0,0,0.5777777777777777,0.7428571428571429,0.65,35,45
2,0.05,5,513226573,CD_A,46.35218519996852,43,55.0,0,0.4230769230769231,0.6285714285714286,0.5057471264367815,35,52
2,0.05,5,513226573,CD_B,52.5722558000125,42,48.0,0,0.43137254901960786,0.6285714285714286,0.5116279069767442,35,51
2,0.05,5,513226573,CD_BOmega,64.74130460014567,57,71.0,0,0.28846153846153844,0.42857142857142855,0.3448275862068965,35,52
2,0.1,5,513226573,CD_A,46.78547789994627,42,58.0,0,0.43137254901960786,0.6285714285714286,0.5116279069767442,35,51
2,0.1,5,513226573,CD_B,52.29338329983875,45,53.0,0,0.391304347826087,0.5142857142857142,0.4444444444444444,35,46
2,0.1,5,513226573,CD_BOmega,64.14696129993536,47,59.0,0,0.35,0.4,0.3733333333333333,35,40
2,0.2,5,513226573,CD_A,45.586052800063044,34,41.0,0,0.5121951219512195,0.6,0.5526315789473684,35,41
2,0.2,5,513226573,CD_B,52.2019505999051,51,65.0,0,0.3181818181818182,0.4,0.35443037974683544,35,44
2,0.2,5,513226573,CD_BOmega,62.93365309992805,38,49.0,0,0.4444444444444444,0.34285714285714286,0.3870967741935484,35,27
2,0.3,5,513226573,CD_A,44.91429099999368,36,49.0,0,0.48717948717948717,0.5428571428571428,0.5135135135135135,35,39
2,0.3,5,513226573,CD_B,51.3746797000058,42,62.0,0,0.40540540540540543,0.42857142857142855,0.4166666666666667,35,37
2,0.3,5,513226573,CD_BOmega,64.0504312000703,44,52.0,0,0.23529411764705882,0.11428571428571428,0.15384615384615385,35,17
2,,5,513226573,GOLEM,493.10934930015355,54,59.0,0,0.08695652173913043,0.05714285714285714,0.06896551724137931,35,23
2,0.0,6,128113632,CD_A,75.57112380000763,79,143.0,0,0.2736842105263158,0.7222222222222222,0.3969465648854962,36,95
2,0.0,6,128113632,CD_B,82.93984430003911,99,158.0,0,0.18811881188118812,0.5277777777777778,0.2773722627737226,36,101
2,0.0,6,128113632,CD_BOmega,94.9090348999016,99,158.0,0,0.18811881188118812,0.5277777777777778,0.2773722627737226,36,101
2,0.05,6,128113632,CD_A,48.27413280005567,54,116.0,0,0.375,0.75,0.5,36,72
2,0.05,6,128113632,CD_B,54.60198720009066,57,108.0,0,0.3384615384615385,0.6111111111111112,0.43564356435643564,36,65
2,0.05,6,128113632,CD_BOmega,65.71344630001113,32,40.0,0,0.5454545454545454,0.6666666666666666,0.6,36,44
2,0.1,6,128113632,CD_A,47.68174460018054,50,109.0,0,0.3939393939393939,0.7222222222222222,0.5098039215686274,36,66
2,0.1,6,128113632,CD_B,52.73098629992455,35,45.0,0,0.5111111111111111,0.6388888888888888,0.5679012345679012,36,45
2,0.1,6,128113632,CD_BOmega,63.81618670001626,36,63.0,0,0.5,0.5555555555555556,0.5263157894736842,36,40
2,0.2,6,128113632,CD_A,45.38984249997884,40,67.0,0,0.45454545454545453,0.5555555555555556,0.5,36,44
2,0.2,6,128113632,CD_B,50.65001969994046,38,68.0,0,0.475,0.5277777777777778,0.5,36,40
2,0.2,6,128113632,CD_BOmega,63.20002790004946,35,59.0,0,0.52,0.3611111111111111,0.42622950819672134,36,25
2,0.3,6,128113632,CD_A,45.31244800006971,41,61.0,0,0.4358974358974359,0.4722222222222222,0.45333333333333337,36,39
2,0.3,6,128113632,CD_B,49.59544450021349,40,61.0,0,0.4375,0.3888888888888889,0.411764705882353,36,32
2,0.3,6,128113632,CD_BOmega,61.72233800007962,39,62.0,0,0.38461538461538464,0.1388888888888889,0.20408163265306123,36,13
2,,6,128113632,GOLEM,487.221243100008,57,74.0,0,0.13793103448275862,0.1111111111111111,0.12307692307692307,36,29
2,0.0,7,839748229,CD_A,76.22526449989527,19,20.0,0,0.6111111111111112,0.8148148148148148,0.6984126984126984,27,36
2,0.0,7,839748229,CD_B,83.34226189996116,33,18.0,0,0.4166666666666667,0.5555555555555556,0.4761904761904762,27,36
2,0.0,7,839748229,CD_BOmega,93.99946719990112,53,39.0,0,0.22916666666666666,0.4074074074074074,0.2933333333333333,27,48
2,0.05,7,839748229,CD_A,45.07111610006541,24,25.0,0,0.5405405405405406,0.7407407407407407,0.625,27,37
2,0.05,7,839748229,CD_B,53.581109300022945,31,61.0,0,0.45652173913043476,0.7777777777777778,0.5753424657534246,27,46
2,0.05,7,839748229,CD_BOmega,66.85272740013897,34,57.0,0,0.4146341463414634,0.6296296296296297,0.5,27,41
2,0.1,7,839748229,CD_A,46.027175300056115,21,17.0,0,0.5833333333333334,0.7777777777777778,0.6666666666666666,27,36
2,0.1,7,839748229,CD_B,52.70278419996612,35,64.0,0,0.40476190476190477,0.6296296296296297,0.4927536231884058,27,42
2,0.1,7,839748229,CD_BOmega,65.55724420002662,30,48.0,0,0.45454545454545453,0.5555555555555556,0.5,27,33
2,0.2,7,839748229,CD_A,44.852870600065216,29,41.0,0,0.47058823529411764,0.5925925925925926,0.5245901639344261,27,34
2,0.2,7,839748229,CD_B,51.9073302000761,31,51.0,0,0.4444444444444444,0.5925925925925926,0.5079365079365079,27,36
2,0.2,7,839748229,CD_BOmega,63.56746679986827,17,27.0,0,0.7272727272727273,0.5925925925925926,0.6530612244897959,27,22
2,0.3,7,839748229,CD_A,45.450596099952236,28,40.0,0,0.48484848484848486,0.5925925925925926,0.5333333333333333,27,33
2,0.3,7,839748229,CD_B,51.987792499829084,22,34.0,0,0.5925925925925926,0.5925925925925926,0.5925925925925926,27,27
2,0.3,7,839748229,CD_BOmega,63.106784499948844,18,31.0,0,0.9090909090909091,0.37037037037037035,0.5263157894736842,27,11
2,,7,839748229,GOLEM,488.8264794999268,48,45.0,0,0.08,0.07407407407407407,0.07692307692307691,27,25
2,0.0,8,450385937,CD_A,76.5899853000883,14,32.0,0,0.7380952380952381,0.9117647058823529,0.8157894736842106,34,42
2,0.0,8,450385937,CD_B,83.689902999904,74,128.0,0,0.25609756097560976,0.6176470588235294,0.36206896551724144,34,82
2,0.0,8,450385937,CD_BOmega,95.12265889998525,104,138.0,0,0.13541666666666666,0.38235294117647056,0.19999999999999998,34,96
2,0.05,8,450385937,CD_A,46.472489199833944,0,0.0,1,1.0,1.0,1.0,34,34
2,0.05,8,450385937,CD_B,54.148251299979165,54,98.0,0,0.3333333333333333,0.5882352941176471,0.42553191489361697,34,60
2,0.05,8,450385937,CD_BOmega,63.14211510005407,46,61.0,0,0.3695652173913043,0.5,0.425,34,46
2,0.1,8,450385937,CD_A,45.4423122999724,6,16.0,0,0.8888888888888888,0.9411764705882353,0.9142857142857143,34,36
2,0.1,8,450385937,CD_B,50.80713600013405,45,56.0,0,0.37209302325581395,0.47058823529411764,0.4155844155844156,34,43
2,0.1,8,450385937,CD_BOmega,65.34617780009285,31,34.0,0,0.5428571428571428,0.5588235294117647,0.5507246376811593,34,35
2,0.2,8,450385937,CD_A,44.84348800010048,15,16.0,0,0.7567567567567568,0.8235294117647058,0.7887323943661971,34,37
2,0.2,8,450385937,CD_B,51.53891890007071,38,42.0,0,0.4444444444444444,0.47058823529411764,0.45714285714285713,34,36
2,0.2,8,450385937,CD_BOmega,64.1338531000074,32,46.0,0,0.5454545454545454,0.35294117647058826,0.42857142857142855,34,22
2,0.3,8,450385937,CD_A,44.71137610008009,11,10.0,0,0.8709677419354839,0.7941176470588235,0.8307692307692308,34,31
2,0.3,8,450385937,CD_B,52.20259590004571,31,40.0,0,0.5483870967741935,0.5,0.5230769230769231,34,31
2,0.3,8,450385937,CD_BOmega,62.430319000035524,32,52.0,0,0.6,0.17647058823529413,0.2727272727272727,34,10
2,,8,450385937,GOLEM,486.2907362000551,65,68.0,0,0.030303030303030304,0.029411764705882353,0.02985074626865672,34,33
2,0.0,9,500351915,CD_A,76.11850319989026,30,111.0,0,0.5185185185185185,0.875,0.6511627906976744,32,54
2,0.0,9,500351915,CD_B,83.62881039991044,67,88.0,0,0.2463768115942029,0.53125,0.33663366336633666,32,69
2,0.0,9,500351915,CD_BOmega,95.47438080003485,70,133.0,0,0.2682926829268293,0.6875,0.38596491228070173,32,82
2,0.05,9,500351915,CD_A,45.96702380012721,26,44.0,0,0.5681818181818182,0.78125,0.6578947368421052,32,44
2,0.05,9,500351915,CD_B,54.77613279991783,60,156.0,0,0.3,0.65625,0.4117647058823529,32,70
2,0.05,9,500351915,CD_BOmega,65.9411215998698,45,106.0,0,0.37735849056603776,0.625,0.4705882352941177,32,53
2,0.1,9,500351915,CD_A,45.36936330003664,26,39.0,0,0.575,0.71875,0.6388888888888888,32,40
2,0.1,9,500351915,CD_B,52.71165930014104,43,106.0,0,0.4,0.6875,0.5057471264367817,32,55
2,0.1,9,500351915,CD_BOmega,65.24733330006711,22,44.0,0,0.6470588235294118,0.6875,0.6666666666666667,32,34
2,0.2,9,500351915,CD_A,45.44057650002651,23,35.0,0,0.6285714285714286,0.6875,0.6567164179104478,32,35
2,0.2,9,500351915,CD_B,52.87481600022875,22,45.0,0,0.6388888888888888,0.71875,0.676470588235294,32,36
2,0.2,9,500351915,CD_BOmega,63.94045339990407,25,34.0,0,0.6666666666666666,0.4375,0.5283018867924528,32,21
2,0.3,9,500351915,CD_A,44.660823999904096,21,33.0,0,0.6896551724137931,0.625,0.6557377049180328,32,29
2,0.3,9,500351915,CD_B,51.875690600136295,26,42.0,0,0.6,0.5625,0.5806451612903225,32,30
2,0.3,9,500351915,CD_BOmega,62.3130053000059,25,44.0,0,0.8888888888888888,0.25,0.3902439024390244,32,9
2,,9,500351915,GOLEM,487.7809216999449,56,70.0,0,0.1,0.09375,0.09677419354838711,32,30
2,0.0,10,370798024,CD_A,76.0850256998092,0,0.0,1,1.0,1.0,1.0,24,24
2,0.0,10,370798024,CD_B,83.63867200003006,11,17.0,0,0.7241379310344828,0.875,0.7924528301886793,24,29
2,0.0,10,370798024,CD_BOmega,95.03296039998531,22,34.0,0,0.5277777777777778,0.7916666666666666,0.6333333333333333,24,36
2,0.05,10,370798024,CD_A,44.35519999987446,5,9.0,0,0.88,0.9166666666666666,0.8979591836734694,24,25
2,0.05,10,370798024,CD_B,53.1098591000773,20,30.0,0,0.5588235294117647,0.7916666666666666,0.6551724137931034,24,34
2,0.05,10,370798024,CD_BOmega,65.2435599998571,22,38.0,0,0.53125,0.7083333333333334,0.6071428571428571,24,32
2,0.1,10,370798024,CD_A,44.55634879996069,10,19.0,0,0.7916666666666666,0.7916666666666666,0.7916666666666666,24,24
2,0.1,10,370798024,CD_B,51.948772199917585,22,38.0,0,0.53125,0.7083333333333334,0.6071428571428571,24,32
2,0.1,10,370798024,CD_BOmega,64.90599160012789,16,31.0,0,0.6666666666666666,0.6666666666666666,0.6666666666666666,24,24
2,0.2,10,370798024,CD_A,44.380605600075796,13,26.0,0,0.7391304347826086,0.7083333333333334,0.723404255319149,24,23
2,0.2,10,370798024,CD_B,51.59233650006354,17,34.0,0,0.64,0.6666666666666666,0.6530612244897959,24,25
2,0.2,10,370798024,CD_BOmega,62.85419630003162,16,30.0,0,0.75,0.5,0.6,24,16
2,0.3,10,370798024,CD_A,44.551076399860904,14,31.0,0,0.7272727272727273,0.6666666666666666,0.6956521739130435,24,22
2,0.3,10,370798024,CD_B,53.47297380003147,18,31.0,0,0.6363636363636364,0.5833333333333334,0.6086956521739131,24,22
2,0.3,10,370798024,CD_BOmega,61.976297500077635,19,37.0,0,1.0,0.20833333333333334,0.3448275862068966,24,5
2,,10,370798024,GOLEM,488.2988845000509,44,58.0,0,0.045454545454545456,0.041666666666666664,0.043478260869565216,24,22
3,0.0,1,182549636,CD_A,76.6174592000898,52,197.0,0,0.45348837209302323,0.8863636363636364,0.6,44,86
3,0.0,1,182549636,CD_B,83.64942939998582,162,442.0,0,0.12658227848101267,0.45454545454545453,0.198019801980198,44,158
3,0.0,1,182549636,CD_BOmega,95.92982689989731,125,400.0,0,0.20437956204379562,0.6363636363636364,0.30939226519337015,44,137
3,0.05,1,182549636,CD_A,47.12062029982917,35,108.0,0,0.5737704918032787,0.7954545454545454,0.6666666666666666,44,61
3,0.05,1,182549636,CD_B,57.661459599854425,69,226.0,0,0.3493975903614458,0.6590909090909091,0.4566929133858268,44,83
3,0.05,1,182549636,CD_BOmega,66.08728079986759,56,159.0,0,0.40625,0.5909090909090909,0.4814814814814815,44,64
3,0.1,1,182549636,CD_A,47.0940914999228,39,118.0,0,0.5423728813559322,0.7272727272727273,0.6213592233009708,44,59
3,0.1,1,182549636,CD_B,53.942622100003064,54,159.0,0,0.421875,0.6136363636363636,0.5,44,64
3,0.1,1,182549636,CD_BOmega,63.13496599998325,43,108.0,0,0.5111111111111111,0.5227272727272727,0.5168539325842696,44,45
3,0.2,1,182549636,CD_A,46.88602289999835,37,91.0,0,0.5660377358490566,0.6818181818181818,0.6185567010309277,44,53
3,0.2,1,182549636,CD_B,52.43698429991491,38,109.0,0,0.5625,0.6136363636363636,0.5869565217391304,44,48
3,0.2,1,182549636,CD_BOmega,63.42752419994213,29,72.0,0,0.7586206896551724,0.5,0.6027397260273972,44,29
3,0.3,1,182549636,CD_A,44.99947470007464,21,55.0,0,0.7555555555555555,0.7727272727272727,0.7640449438202247,44,45
3,0.3,1,182549636,CD_B,51.20316969999112,34,89.0,0,0.631578947368421,0.5454545454545454,0.5853658536585366,44,38
3,0.3,1,182549636,CD_BOmega,62.78129249997437,32,73.0,0,1.0,0.2727272727272727,0.42857142857142855,44,12
3,,1,182549636,GOLEM,486.4480355998967,72,121.0,0,0.15,0.13636363636363635,0.14285714285714282,44,40
3,0.0,2,926764988,CD_A,77.34524250007235,96,281.0,0,0.2782608695652174,0.7111111111111111,0.4,45,115
3,0.0,2,926764988,CD_B,84.92216169997118,79,150.0,0,0.31521739130434784,0.6444444444444445,0.4233576642335767,45,92
3,0.0,2,926764988,CD_BOmega,96.18019989994355,79,150.0,0,0.31521739130434784,0.6444444444444445,0.4233576642335767,45,92
3,0.05,2,926764988,CD_A,47.868232999928296,55,88.0,0,0.42857142857142855,0.6666666666666666,0.5217391304347826,45,70
3,0.05,2,926764988,CD_B,52.54512189980596,58,115.0,0,0.41333333333333333,0.6888888888888889,0.5166666666666667,45,75
3,0.05,2,926764988,CD_BOmega,65.06715080002323,53,99.0,0,0.43548387096774194,0.6,0.5046728971962617,45,62
3,0.1,2,926764988,CD_A,47.28580090007745,55,79.0,0,0.41935483870967744,0.5777777777777777,0.4859813084112149,45,62
3,0.1,2,926764988,CD_B,52.80121960001998,51,97.0,0,0.45161290322580644,0.6222222222222222,0.5233644859813085,45,62
3,0.1,2,926764988,CD_BOmega,64.17910250020213,56,89.0,0,0.39622641509433965,0.4666666666666667,0.4285714285714286,45,53
3,0.2,2,926764988,CD_A,47.43455930007622,58,107.0,0,0.39344262295081966,0.5333333333333333,0.4528301886792453,45,61
3,0.2,2,926764988,CD_B,54.32593239983544,52,84.0,0,0.43137254901960786,0.4888888888888889,0.45833333333333326,45,51
3,0.2,2,926764988,CD_BOmega,63.98610919993371,41,64.0,0,0.5588235294117647,0.4222222222222222,0.48101265822784806,45,34
3,0.3,2,926764988,CD_A,46.81900219991803,53,85.0,0,0.42,0.4666666666666667,0.4421052631578947,45,50
3,0.3,2,926764988,CD_B,52.42467360012233,52,86.0,0,0.4186046511627907,0.4,0.40909090909090917,45,43
3,0.3,2,926764988,CD_BOmega,62.66554960003123,32,67.0,0,0.9333333333333333,0.3111111111111111,0.4666666666666667,45,15
3,,2,926764988,GOLEM,537.0730051000137,72,117.0,0,0.18604651162790697,0.17777777777777778,0.18181818181818182,45,43
3,0.0,3,781567455,CD_A,76.57895690016448,66,177.0,0,0.3870967741935484,0.8,0.5217391304347827,45,93
3,0.0,3,781567455,CD_B,83.91034350008704,71,157.0,0,0.3617021276595745,0.7555555555555555,0.4892086330935252,45,94
3,0.0,3,781567455,CD_BOmega,95.00194240012206,75,169.0,0,0.34375,0.7333333333333333,0.4680851063829787,45,96
3,0.05,3,781567455,CD_A,49.07749059982598,62,137.0,0,0.38028169014084506,0.6,0.4655172413793103,45,71
3,0.05,3,781567455,CD_B,55.13188869995065,42,102.0,0,0.5245901639344263,0.7111111111111111,0.6037735849056605,45,61
3,0.05,3,781567455,CD_BOmega,66.33634519996122,45,100.0,0,0.5,0.5777777777777777,0.5360824742268041,45,52
3,0.1,3,781567455,CD_A,50.55304400017485,77,171.0,0,0.2777777777777778,0.4444444444444444,0.3418803418803419,45,72
3,0.1,3,781567455,CD_B,53.11596309999004,50,114.0,0,0.45454545454545453,0.5555555555555556,0.5,45,55
3,0.1,3,781567455,CD_BOmega,63.06507789995521,36,77.0,0,0.6153846153846154,0.5333333333333333,0.5714285714285715,45,39
3,0.2,3,781567455,CD_A,45.9155639000237,54,99.0,0,0.40816326530612246,0.4444444444444444,0.425531914893617,45,49
3,0.2,3,781567455,CD_B,51.01570889982395,39,87.0,0,0.5681818181818182,0.5555555555555556,0.5617977528089888,45,44
3,0.2,3,781567455,CD_BOmega,63.103423699969426,43,81.0,0,0.5625,0.2,0.2950819672131148,45,16
3,0.3,3,781567455,CD_A,45.28389079985209,64,117.0,0,0.28888888888888886,0.28888888888888886,0.28888888888888886,45,45
3,0.3,3,781567455,CD_B,50.26651470013894,39,83.0,0,0.59375,0.4222222222222222,0.49350649350649345,45,32
3,0.3,3,781567455,CD_BOmega,62.13869699998759,43,85.0,0,0.6,0.13333333333333333,0.2181818181818182,45,10
3,,3,781567455,GOLEM,521.4089808999561,71,108.0,0,0.09375,0.06666666666666667,0.07792207792207793,45,32
3,0.0,4,643865119,CD_A,76.65437919995748,5,8.0,0,0.926829268292683,0.95,0.9382716049382716,40,41
3,0.0,4,643865119,CD_B,83.96398989995942,171,361.0,0,0.11695906432748537,0.5,0.1895734597156398,40,171
3,0.0,4,643865119,CD_BOmega,95.82926320005208,172,451.0,0,0.125,0.55,0.20370370370370372,40,176
3,0.05,4,643865119,CD_A,45.92126000020653,12,6.0,0,0.8333333333333334,0.875,0.8536585365853658,40,42
3,0.05,4,643865119,CD_B,57.210008200025186,77,185.0,0,0.2823529411764706,0.6,0.384,40,85
3,0.05,4,643865119,CD_BOmega,65.52982109994628,50,91.0,0,0.4166666666666667,0.625,0.5,40,60
3,0.1,4,643865119,CD_A,46.365709599805996,9,6.0,0,0.8780487804878049,0.9,0.888888888888889,40,41
3,0.1,4,643865119,CD_B,53.59761029994115,44,81.0,0,0.46551724137931033,0.675,0.5510204081632654,40,58
3,0.1,4,643865119,CD_BOmega,63.45960780000314,35,73.0,0,0.5609756097560976,0.575,0.5679012345679012,40,41
3,0.2,4,643865119,CD_A,45.169611300108954,16,35.0,0,0.8157894736842105,0.775,0.7948717948717949,40,38
3,0.2,4,643865119,CD_B,52.995363499969244,43,81.0,0,0.47058823529411764,0.6,0.5274725274725275,40,51
3,0.2,4,643865119,CD_BOmega,64.857927700039,29,53.0,0,0.72,0.45,0.5538461538461539,40,25
3,0.3,4,643865119,CD_A,45.85826780018397,15,24.0,0,0.8787878787878788,0.725,0.7945205479452054,40,33
3,0.3,4,643865119,CD_B,53.73455970012583,39,71.0,0,0.5142857142857142,0.45,0.48,40,35
3,0.3,4,643865119,CD_BOmega,62.97121140011586,34,66.0,0,0.75,0.225,0.3461538461538462,40,12
3,,4,643865119,GOLEM,505.24221659987234,73,110.0,0,0.02857142857142857,0.025,0.026666666666666665,40,35
3,0.0,5,402414364,CD_A,76.38455059984699,59,184.0,0,0.42045454545454547,0.8222222222222222,0.556390977443609,45,88
3,0.0,5,402414364,CD_B,84.16557969991118,120,257.0,0,0.18487394957983194,0.4888888888888889,0.26829268292682923,45,119
3,0.0,5,402414364,CD_BOmega,95.2915829999838,120,257.0,0,0.18487394957983194,0.4888888888888889,0.26829268292682923,45,119
3,0.05,5,402414364,CD_A,50.42647779989056,58,113.0,0,0.4155844155844156,0.7111111111111111,0.5245901639344263,45,77
3,0.05,5,402414364,CD_B,54.27072999998927,72,164.0,0,0.32,0.5333333333333333,0.4,45,75
3,0.05,5,402414364,CD_BOmega,64.2360217999667,52,107.0,0,0.43859649122807015,0.5555555555555556,0.4901960784313725,45,57
3,0.1,5,402414364,CD_A,48.398687000153586,48,91.0,0,0.47761194029850745,0.7111111111111111,0.5714285714285714,45,67
3,0.1,5,402414364,CD_B,52.87408219999634,67,131.0,0,0.3225806451612903,0.4444444444444444,0.3738317757009346,45,62
3,0.1,5,402414364,CD_BOmega,63.15002160007134,62,116.0,0,0.32653061224489793,0.35555555555555557,0.3404255319148936,45,49
3,0.2,5,402414364,CD_A,47.2285131001845,49,88.0,0,0.46296296296296297,0.5555555555555556,0.505050505050505,45,54
3,0.2,5,402414364,CD_B,50.892240200191736,61,115.0,0,0.34,0.37777777777777777,0.3578947368421052,45,50
3,0.2,5,402414364,CD_BOmega,64.66409229999408,39,69.0,0,0.6,0.4,0.48,45,30
3,0.3,5,402414364,CD_A,47.031335099833086,52,108.0,0,0.4339622641509434,0.5111111111111111,0.46938775510204084,45,53
3,0.3,5,402414364,CD_B,52.296167799970135,57,95.0,0,0.34210526315789475,0.28888888888888886,0.3132530120481927,45,38
3,0.3,5,402414364,CD_BOmega,62.70794150000438,45,78.0,0,0.5,0.15555555555555556,0.23728813559322035,45,14
3,,5,402414364,GOLEM,498.2810768999625,80,129.0,0,0.07317073170731707,0.06666666666666667,0.06976744186046512,45,41
3,0.0,6,822761613,CD_A,77.10828539985232,68,234.0,0,0.3854166666666667,0.8043478260869565,0.5211267605633803,46,96
3,0.0,6,822761613,CD_B,84.53607270005159,147,312.0,0,0.1610738255033557,0.5217391304347826,0.24615384615384617,46,149
3,0.0,6,822761613,CD_BOmega,94.41314119985327,139,319.0,0,0.1836734693877551,0.5869565217391305,0.2797927461139897,46,147
3,0.05,6,822761613,CD_A,48.08110429998487,69,148.0,0,0.35443037974683544,0.6086956521739131,0.448,46,79
3,0.05,6,822761613,CD_B,56.41862139990553,89,188.0,0,0.25842696629213485,0.5,0.3407407407407408,46,89
3,0.05,6,822761613,CD_BOmega,66.34204409993254,66,136.0,0,0.34375,0.4782608695652174,0.4,46,64
3,0.1,6,822761613,CD_A,47.662445300025865,65,162.0,0,0.36231884057971014,0.5434782608695652,0.43478260869565216,46,69
3,0.1,6,822761613,CD_B,53.27275549992919,62,125.0,0,0.36666666666666664,0.4782608695652174,0.41509433962264153,46,60
3,0.1,6,822761613,CD_BOmega,64.63883189996704,55,104.0,0,0.40425531914893614,0.41304347826086957,0.4086021505376344,46,47
3,0.2,6,822761613,CD_A,46.853424299973994,64,160.0,0,0.35,0.45652173913043476,0.39622641509433965,46,60
3,0.2,6,822761613,CD_B,50.06098690000363,59,107.0,0,0.35555555555555557,0.34782608695652173,0.3516483516483516,46,45
3,0.2,6,822761613,CD_BOmega,63.81595700001344,40,75.0,0,0.6153846153846154,0.34782608695652173,0.4444444444444444,46,26
3,0.3,6,822761613,CD_A,45.340535999974236,64,133.0,0,0.32,0.34782608695652173,0.3333333333333333,46,50
3,0.3,6,822761613,CD_B,51.774892000015825,62,110.0,0,0.2777777777777778,0.21739130434782608,0.24390243902439024,46,36
3,0.3,6,822761613,CD_BOmega,61.86916109989397,44,82.0,0,0.5833333333333334,0.15217391304347827,0.2413793103448276,46,12
3,,6,822761613,GOLEM,497.34672080003656,82,155.0,0,0.07142857142857142,0.06521739130434782,0.06818181818181818,46,42
3,0.0,7,545429118,CD_A,76.2140456000343,90,135.0,0,0.3055555555555556,0.6875,0.42307692307692313,48,108
3,0.0,7,545429118,CD_B,83.34479999984615,134,347.0,0,0.2013888888888889,0.6041666666666666,0.3020833333333333,48,144
3,0.0,7,545429118,CD_BOmega,95.51514100003988,74,178.0,0,0.37254901960784315,0.7916666666666666,0.5066666666666667,48,102
3,0.05,7,545429118,CD_A,48.36210729996674,78,186.0,0,0.32142857142857145,0.5625,0.40909090909090917,48,84
3,0.05,7,545429118,CD_B,54.84992830012925,56,107.0,0,0.4444444444444444,0.6666666666666666,0.5333333333333333,48,72
3,0.05,7,545429118,CD_BOmega,64.74631509999745,50,80.0,0,0.48214285714285715,0.5625,0.5192307692307692,48,56
3,0.1,7,545429118,CD_A,46.49744560010731,62,164.0,0,0.4,0.5833333333333334,0.4745762711864407,48,70
3,0.1,7,545429118,CD_B,53.9244636001531,45,67.0,0,0.5263157894736842,0.625,0.5714285714285714,48,57
3,0.1,7,545429118,CD_BOmega,64.77045110007748,44,82.0,0,0.5384615384615384,0.5833333333333334,0.5599999999999999,48,52
3,0.2,7,545429118,CD_A,45.051099699921906,44,90.0,0,0.54,0.5625,0.5510204081632654,48,50
3,0.2,7,545429118,CD_B,51.491476099938154,39,61.0,0,0.5918367346938775,0.6041666666666666,0.5979381443298969,48,49
3,0.2,7,545429118,CD_BOmega,63.08152239979245,50,83.0,0,0.46153846153846156,0.25,0.32432432432432434,48,26
3,0.3,7,545429118,CD_A,44.74597449996509,40,76.0,0,0.5909090909090909,0.5416666666666666,0.5652173913043478,48,44
3,0.3,7,545429118,CD_B,51.49322190019302,39,69.0,0,0.5918367346938775,0.6041666666666666,0.5979381443298969,48,49
3,0.3,7,545429118,CD_BOmega,63.21765910019167,51,83.0,0,0.4,0.125,0.19047619047619047,48,15
3,,7,545429118,GOLEM,493.6045763997827,80,137.0,0,0.07894736842105263,0.0625,0.06976744186046512,48,38
3,0.0,8,443414198,CD_A,76.01412569987588,127,336.0,0,0.267515923566879,0.7777777777777778,0.3981042654028436,54,157
3,0.0,8,443414198,CD_B,84.0955824998673,177,436.0,0,0.16022099447513813,0.5370370370370371,0.24680851063829787,54,181
3,0.0,8,443414198,CD_BOmega,94.90666580013931,210,502.0,0,0.11764705882352941,0.4444444444444444,0.18604651162790695,54,204
3,0.05,8,443414198,CD_A,49.62623809999786,93,225.0,0,0.3106796116504854,0.5925925925925926,0.4076433121019108,54,103
3,0.05,8,443414198,CD_B,55.45425619999878,131,277.0,0,0.14678899082568808,0.2962962962962963,0.196319018404908,54,109
3,0.05,8,443414198,CD_BOmega,64.04409540002234,107,190.0,0,0.14666666666666667,0.2037037037037037,0.17054263565891473,54,75
3,0.1,8,443414198,CD_A,47.61254850006662,83,207.0,0,0.33707865168539325,0.5555555555555556,0.41958041958041964,54,89
3,0.1,8,443414198,CD_B,52.217568800086156,99,185.0,0,0.21518987341772153,0.3148148148148148,0.25563909774436094,54,79
3,0.1,8,443414198,CD_BOmega,62.39005720010027,86,148.0,0,0.21428571428571427,0.2222222222222222,0.21818181818181817,54,56
3,0.2,8,443414198,CD_A,47.87413400015794,69,140.0,0,0.3972602739726027,0.5370370370370371,0.4566929133858268,54,73
3,0.2,8,443414198,CD_B,51.089245500043035,89,136.0,0,0.2033898305084746,0.2222222222222222,0.21238938053097345,54,59
3,0.2,8,443414198,CD_BOmega,62.53818899998441,69,106.0,0,0.25806451612903225,0.14814814814814814,0.18823529411764706,54,31
3,0.3,8,443414198,CD_A,46.502110600005835,71,149.0,0,0.36507936507936506,0.42592592592592593,0.39316239316239315,54,63
3,0.3,8,443414198,CD_B,49.12204789998941,74,124.0,0,0.2916666666666667,0.25925925925925924,0.27450980392156865,54,48
3,0.3,8,443414198,CD_BOmega,62.06481150002219,70,107.0,0,0.13636363636363635,0.05555555555555555,0.07894736842105263,54,22
3,,8,443414198,GOLEM,495.8475983000826,86,124.0,0,0.1,0.07407407407407407,0.0851063829787234,54,40
3,0.0,9,450459553,CD_A,76.9304081001319,47,108.0,0,0.47297297297297297,0.813953488372093,0.5982905982905984,43,74
3,0.0,9,450459553,CD_B,84.21052480000071,86,252.0,0,0.27835051546391754,0.627906976744186,0.3857142857142857,43,97
3,0.0,9,450459553,CD_BOmega,95.94092600001022,100,314.0,0,0.23853211009174313,0.6046511627906976,0.34210526315789475,43,109
3,0.05,9,450459553,CD_A,46.81861110008322,31,75.0,0,0.6071428571428571,0.7906976744186046,0.6868686868686869,43,56
3,0.05,9,450459553,CD_B,54.500702700112015,36,109.0,0,0.5573770491803278,0.7906976744186046,0.6538461538461539,43,61
3,0.05,9,450459553,CD_BOmega,66.75102319987491,39,85.0,0,0.5384615384615384,0.6511627906976745,0.5894736842105263,43,52
3,0.1,9,450459553,CD_A,47.35761249996722,25,56.0,0,0.68,0.7906976744186046,0.7311827956989247,43,50
3,0.1,9,450459553,CD_B,53.08199180010706,35,85.0,0,0.5769230769230769,0.6976744186046512,0.631578947368421,43,52
3,0.1,9,450459553,CD_BOmega,64.33052380010486,31,63.0,0,0.65,0.6046511627906976,0.6265060240963854,43,40
3,0.2,9,450459553,CD_A,46.91332220006734,24,51.0,0,0.6938775510204082,0.7906976744186046,0.7391304347826086,43,49
3,0.2,9,450459553,CD_B,51.27015729993582,33,62.0,0,0.625,0.5813953488372093,0.6024096385542168,43,40
3,0.2,9,450459553,CD_BOmega,63.62313250009902,43,71.0,0,0.5,0.18604651162790697,0.2711864406779661,43,16
3,0.3,9,450459553,CD_A,46.43893089983612,30,64.0,0,0.6511627906976745,0.6511627906976745,0.6511627906976745,43,43
3,0.3,9,450459553,CD_B,52.104372299974784,31,64.0,0,0.6666666666666666,0.5581395348837209,0.6075949367088608,43,36
3,0.3,9,450459553,CD_BOmega,61.815841800067574,41,72.0,0,0.625,0.11627906976744186,0.19607843137254904,43,8
3,,9,450459553,GOLEM,492.1725366001483,70,95.0,0,0.09090909090909091,0.06976744186046512,0.07894736842105264,43,33
3,0.0,10,227238721,CD_A,76.54952010000125,61,151.0,0,0.4421052631578947,0.84,0.5793103448275863,50,95
3,0.0,10,227238721,CD_B,83.98708470002748,150,452.0,0,0.1875,0.6,0.2857142857142857,50,160
3,0.0,10,227238721,CD_BOmega,95.20043389988132,132,319.0,0,0.19852941176470587,0.54,0.2903225806451613,50,136
3,0.05,10,227238721,CD_A,48.29021040000953,38,105.0,0,0.5857142857142857,0.82,0.6833333333333333,50,70
3,0.05,10,227238721,CD_B,54.51889230008237,83,217.0,0,0.31868131868131866,0.58,0.41134751773049644,50,91
3,0.05,10,227238721,CD_BOmega,67.34106089989655,57,159.0,0,0.4426229508196721,0.54,0.48648648648648646,50,61
3,0.1,10,227238721,CD_A,47.36267450009473,40,125.0,0,0.5806451612903226,0.72,0.6428571428571428,50,62
3,0.1,10,227238721,CD_B,50.88820270006545,76,188.0,0,0.3088235294117647,0.42,0.3559322033898305,50,68
3,0.1,10,227238721,CD_BOmega,63.82940450008027,41,115.0,0,0.6097560975609756,0.5,0.5494505494505494,50,41
3,0.2,10,227238721,CD_A,46.00059779989533,43,103.0,0,0.5660377358490566,0.6,0.5825242718446602,50,53
3,0.2,10,227238721,CD_B,51.687758199870586,47,127.0,0,0.5348837209302325,0.46,0.4946236559139785,50,43
3,0.2,10,227238721,CD_BOmega,63.538730500033125,42,95.0,0,0.6818181818181818,0.3,0.4166666666666667,50,22
3,0.3,10,227238721,CD_A,45.96996899996884,41,99.0,0,0.5957446808510638,0.56,0.577319587628866,50,47
3,0.3,10,227238721,CD_B,49.72142449999228,43,115.0,0,0.6060606060606061,0.4,0.4819277108433735,50,33
3,0.3,10,227238721,CD_BOmega,63.43463099980727,45,103.0,0,0.6666666666666666,0.2,0.30769230769230765,50,15
3,,10,227238721,GOLEM,493.1578692998737,76,135.0,0,0.1388888888888889,0.1,0.11627906976744186,50,36
4,0.0,1,92135914,CD_A,75.95451830001548,61,166.0,0,0.44565217391304346,0.803921568627451,0.5734265734265734,51,92
4,0.0,1,92135914,CD_B,83.17766320006922,135,330.0,0,0.2236842105263158,0.6666666666666666,0.33497536945812806,51,152
4,0.0,1,92135914,CD_BOmega,94.9614335000515,135,330.0,0,0.2236842105263158,0.6666666666666666,0.33497536945812806,51,152
4,0.05,1,92135914,CD_A,49.48033810011111,57,143.0,0,0.46153846153846156,0.7058823529411765,0.558139534883721,51,78
4,0.05,1,92135914,CD_B,54.27184569998644,72,167.0,0,0.3793103448275862,0.6470588235294118,0.4782608695652174,51,87
4,0.05,1,92135914,CD_BOmega,64.29119129991159,94,183.0,0,0.24705882352941178,0.4117647058823529,0.3088235294117647,51,85
4,0.1,1,92135914,CD_A,48.200434299884364,57,132.0,0,0.4583333333333333,0.6470588235294118,0.5365853658536585,51,72
4,0.1,1,92135914,CD_B,52.05943059991114,78,158.0,0,0.32,0.47058823529411764,0.38095238095238104,51,75
4,0.1,1,92135914,CD_BOmega,61.25088970013894,69,117.0,0,0.35,0.4117647058823529,0.37837837837837834,51,60
4,0.2,1,92135914,CD_A,48.41287330002524,67,166.0,0,0.3787878787878788,0.49019607843137253,0.4273504273504274,51,66
4,0.2,1,92135914,CD_B,50.87355179991573,74,122.0,0,0.3230769230769231,0.4117647058823529,0.3620689655172413,51,65
4,0.2,1,92135914,CD_BOmega,62.63333179987967,68,104.0,0,0.2571428571428571,0.17647058823529413,0.20930232558139533,51,35
4,0.3,1,92135914,CD_A,46.487644400214776,52,111.0,0,0.49019607843137253,0.49019607843137253,0.49019607843137253,51,51
4,0.3,1,92135914,CD_B,49.04783280007541,71,102.0,0,0.2916666666666667,0.27450980392156865,0.2828282828282829,51,48
4,0.3,1,92135914,CD_BOmega,64.79680010001175,52,81.0,0,0.47058823529411764,0.1568627450980392,0.23529411764705882,51,17
4,,1,92135914,GOLEM,491.3988436998334,74,106.0,0,0.12903225806451613,0.0784313725490196,0.0975609756097561,51,31
4,0.0,2,554584786,CD_A,76.6666230999399,125,723.0,0,0.3006134969325153,0.8166666666666667,0.4394618834080717,60,163
4,0.0,2,554584786,CD_B,84.41080700000748,164,688.0,0,0.22043010752688172,0.6833333333333333,0.3333333333333333,60,186
4,0.0,2,554584786,CD_BOmega,95.89913620008156,140,650.0,0,0.25903614457831325,0.7166666666666667,0.3805309734513274,60,166
4,0.05,2,554584786,CD_A,53.745567000005394,95,491.0,0,0.35772357723577236,0.7333333333333333,0.48087431693989063,60,123
4,0.05,2,554584786,CD_B,56.171013299841434,98,265.0,0,0.2978723404255319,0.4666666666666667,0.36363636363636365,60,94
4,0.05,2,554584786,CD_BOmega,65.87503940006718,85,183.0,0,0.3188405797101449,0.36666666666666664,0.34108527131782945,60,69
4,0.1,2,554584786,CD_A,53.24040220002644,104,498.0,0,0.31666666666666665,0.6333333333333333,0.4222222222222222,60,120
4,0.1,2,554584786,CD_B,50.68105969997123,91,206.0,0,0.26865671641791045,0.3,0.2834645669291339,60,67
4,0.1,2,554584786,CD_BOmega,64.76195410010405,76,152.0,0,0.34,0.2833333333333333,0.30909090909090914,60,50
4,0.2,2,554584786,CD_A,52.08696340001188,95,461.0,0,0.34234234234234234,0.6333333333333333,0.4444444444444444,60,111
4,0.2,2,554584786,CD_B,52.15850379993208,79,158.0,0,0.2978723404255319,0.23333333333333334,0.2616822429906542,60,47
4,0.2,2,554584786,CD_BOmega,63.32802330004051,70,136.0,0,0.2916666666666667,0.11666666666666667,0.16666666666666669,60,24
4,0.3,2,554584786,CD_A,51.56455359980464,91,407.0,0,0.3465346534653465,0.5833333333333334,0.43478260869565216,60,101
4,0.3,2,554584786,CD_B,51.314379499992356,67,138.0,0,0.4222222222222222,0.31666666666666665,0.36190476190476184,60,45
4,0.3,2,554584786,CD_BOmega,62.62665780005045,70,135.0,0,0.2727272727272727,0.1,0.14634146341463417,60,22
4,,2,554584786,GOLEM,528.7988712000661,87,214.0,0,0.23529411764705882,0.2,0.2162162162162162,60,51
4,0.0,3,887889843,CD_A,76.69576639984734,86,346.0,0,0.36885245901639346,0.8333333333333334,0.5113636363636364,54,122
4,0.0,3,887889843,CD_B,83.50179859995842,229,613.0,0,0.1145374449339207,0.48148148148148145,0.18505338078291816,54,227
4,0.0,3,887889843,CD_BOmega,95.98480420000851,226,602.0,0,0.11946902654867257,0.5,0.19285714285714287,54,226
4,0.05,3,887889843,CD_A,52.93817500001751,95,342.0,0,0.3217391304347826,0.6851851851851852,0.43786982248520706,54,115
4,0.05,3,887889843,CD_B,53.604488499928266,104,242.0,0,0.24489795918367346,0.4444444444444444,0.3157894736842105,54,98
4,0.05,3,887889843,CD_BOmega,63.14085329999216,89,213.0,0,0.2727272727272727,0.3888888888888889,0.32061068702290074,54,77
4,0.1,3,887889843,CD_A,49.66189069999382,79,256.0,0,0.3626373626373626,0.6111111111111112,0.4551724137931034,54,91
4,0.1,3,887889843,CD_B,51.51469400012866,89,222.0,0,0.2839506172839506,0.42592592592592593,0.3407407407407407,54,81
4,0.1,3,887889843,CD_BOmega,61.95501469983719,65,140.0,0,0.40350877192982454,0.42592592592592593,0.4144144144144144,54,57
4,0.2,3,887889843,CD_A,49.59805949986912,66,192.0,0,0.42105263157894735,0.5925925925925926,0.49230769230769234,54,76
4,0.2,3,887889843,CD_B,49.54802600014955,59,125.0,0,0.4528301886792453,0.4444444444444444,0.4485981308411215,54,53
4,0.2,3,887889843,CD_BOmega,64.73301940015517,58,117.0,0,0.4375,0.25925925925925924,0.3255813953488372,54,32
4,0.3,3,887889843,CD_A,47.21783259999938,68,180.0,0,0.390625,0.46296296296296297,0.423728813559322,54,64
4,0.3,3,887889843,CD_B,49.27260820008814,57,110.0,0,0.4634146341463415,0.35185185185185186,0.4000000000000001,54,41
4,0.3,3,887889843,CD_BOmega,62.608684400096536,52,109.0,0,0.5714285714285714,0.14814814814814814,0.23529411764705882,54,14
4,,3,887889843,GOLEM,515.3692999000195,88,166.0,0,0.14583333333333334,0.12962962962962962,0.13725490196078433,54,48
4,0.0,4,63817255,CD_A,76.25528429984115,108,593.0,0,0.36477987421383645,0.8923076923076924,0.5178571428571428,65,159
4,0.0,4,63817255,CD_B,84.25000340002589,189,685.0,0,0.20192307692307693,0.6461538461538462,0.3076923076923077,65,208
4,0.0,4,63817255,CD_BOmega,95.92540109995753,193,694.0,0,0.2037037037037037,0.676923076923077,0.31316725978647686,65,216
4,0.05,4,63817255,CD_A,52.285264200065285,94,374.0,0,0.37606837606837606,0.676923076923077,0.4835164835164836,65,117
4,0.05,4,63817255,CD_B,58.40151340002194,104,283.0,0,0.33043478260869563,0.5846153846153846,0.4222222222222222,65,115
4,0.05,4,63817255,CD_BOmega,65.689801099943,102,244.0,0,0.2967032967032967,0.4153846153846154,0.34615384615384615,65,91
4,0.1,4,63817255,CD_A,52.339180200127885,85,279.0,0,0.4019607843137255,0.6307692307692307,0.4910179640718563,65,102
4,0.1,4,63817255,CD_B,55.238445200026035,105,239.0,0,0.2777777777777778,0.38461538461538464,0.3225806451612903,65,90
4,0.1,4,63817255,CD_BOmega,63.70995940011926,84,173.0,0,0.36231884057971014,0.38461538461538464,0.3731343283582089,65,69
4,0.2,4,63817255,CD_A,49.92094730003737,76,250.0,0,0.4421052631578947,0.6461538461538462,0.525,65,95
4,0.2,4,63817255,CD_B,51.245634000049904,91,191.0,0,0.3142857142857143,0.3384615384615385,0.32592592592592595,65,70
4,0.2,4,63817255,CD_BOmega,66.08049630001187,72,139.0,0,0.4,0.2153846153846154,0.28,65,35
4,0.3,4,63817255,CD_A,48.86541000008583,81,216.0,0,0.3974358974358974,0.47692307692307695,0.4335664335664336,65,78
4,0.3,4,63817255,CD_B,50.957026900025085,78,139.0,0,0.37254901960784315,0.2923076923076923,0.3275862068965517,65,51
4,0.3,4,63817255,CD_BOmega,64.49332110001706,64,129.0,0,0.52,0.2,0.2888888888888889,65,25
4,,4,63817255,GOLEM,517.8340266000014,97,185.0,0,0.13636363636363635,0.09230769230769231,0.11009174311926605,65,44
4,0.0,5,858291293,CD_A,76.98476090002805,131,639.0,0,0.2727272727272727,0.8035714285714286,0.4072398190045249,56,165
4,0.0,5,858291293,CD_B,84.48935970012099,227,550.0,0,0.13617021276595745,0.5714285714285714,0.21993127147766323,56,235
4,0.0,5,858291293,CD_BOmega,96.02031840011477,229,690.0,0,0.1469387755102041,0.6428571428571429,0.239202657807309,56,245
4,0.05,5,858291293,CD_A,51.31998659996316,118,454.0,0,0.26153846153846155,0.6071428571428571,0.3655913978494623,56,130
4,0.05,5,858291293,CD_B,56.12973649986088,89,315.0,0,0.34579439252336447,0.6607142857142857,0.4539877300613497,56,107
4,0.05,5,858291293,CD_BOmega,65.06090870010667,87,230.0,0,0.3218390804597701,0.5,0.39160839160839156,56,87
4,0.1,5,858291293,CD_A,49.035148499999195,98,316.0,0,0.29411764705882354,0.5357142857142857,0.379746835443038,56,102
4,0.1,5,858291293,CD_B,53.72503829980269,80,197.0,0,0.35714285714285715,0.5357142857142857,0.4285714285714286,56,84
4,0.1,5,858291293,CD_BOmega,65.19976519979537,70,167.0,0,0.3870967741935484,0.42857142857142855,0.4067796610169491,56,62
4,0.2,5,858291293,CD_A,47.42747959983535,82,270.0,0,0.34146341463414637,0.5,0.40579710144927533,56,82
4,0.2,5,858291293,CD_B,51.297509900061414,76,177.0,0,0.3333333333333333,0.35714285714285715,0.3448275862068965,56,60
4,0.2,5,858291293,CD_BOmega,61.143865399993956,57,123.0,0,0.48148148148148145,0.23214285714285715,0.3132530120481928,56,27
4,0.3,5,858291293,CD_A,46.004725999897346,71,212.0,0,0.3880597014925373,0.4642857142857143,0.42276422764227645,56,67
4,0.3,5,858291293,CD_B,50.14587319991551,69,156.0,0,0.35555555555555557,0.2857142857142857,0.31683168316831684,56,45
4,0.3,5,858291293,CD_BOmega,62.760133899981156,59,123.0,0,0.36363636363636365,0.07142857142857142,0.11940298507462686,56,11
4,,5,858291293,GOLEM,508.58088809996843,94,189.0,0,0.047619047619047616,0.03571428571428571,0.04081632653061224,56,42
4,0.0,6,827631171,CD_A,76.2964252999518,177,797.0,0,0.2534562211981567,0.7857142857142857,0.3832752613240418,70,217
4,0.0,6,827631171,CD_B,83.21434410009533,275,829.0,0,0.15488215488215487,0.6571428571428571,0.2506811989100817,70,297
4,0.0,6,827631171,CD_BOmega,94.95965430000797,245,711.0,0,0.16475095785440613,0.6142857142857143,0.2598187311178247,70,261
4,0.05,6,827631171,CD_A,54.03951509995386,106,430.0,0,0.36153846153846153,0.6714285714285714,0.47000000000000003,70,130
4,0.05,6,827631171,CD_B,56.06498280004598,124,306.0,0,0.23,0.32857142857142857,0.2705882352941177,70,100
4,0.05,6,827631171,CD_BOmega,63.67647360009141,108,267.0,0,0.2682926829268293,0.3142857142857143,0.2894736842105263,70,82
4,0.1,6,827631171,CD_A,51.035247300053015,97,357.0,0,0.3783783783783784,0.6,0.4640883977900553,70,111
4,0.1,6,827631171,CD_B,52.34339399985038,104,246.0,0,0.28205128205128205,0.3142857142857143,0.29729729729729726,70,78
4,0.1,6,827631171,CD_BOmega,61.38939799997024,91,213.0,0,0.3157894736842105,0.2571428571428571,0.28346456692913385,70,57
4,0.2,6,827631171,CD_A,49.918130700010806,89,281.0,0,0.4020618556701031,0.5571428571428572,0.46706586826347307,70,97
4,0.2,6,827631171,CD_B,51.58507360005751,96,243.0,0,0.3088235294117647,0.3,0.3043478260869565,70,68
4,0.2,6,827631171,CD_BOmega,64.47033410007134,76,170.0,0,0.39285714285714285,0.15714285714285714,0.22448979591836732,70,28
4,0.3,6,827631171,CD_A,48.07652879995294,84,242.0,0,0.4166666666666667,0.5,0.45454545454545453,70,84
4,0.3,6,827631171,CD_B,49.75616870005615,84,190.0,0,0.3409090909090909,0.21428571428571427,0.26315789473684215,70,44
4,0.3,6,827631171,CD_BOmega,63.72753019980155,75,161.0,0,0.3684210526315789,0.1,0.15730337078651682,70,19
4,,6,827631171,GOLEM,495.5060147000477,108,229.0,0,0.10416666666666667,0.07142857142857142,0.0847457627118644,70,48
4,0.0,7,276759694,CD_A,75.96388339996338,126,334.0,0,0.29559748427672955,0.7704918032786885,0.4272727272727273,61,159
4,0.0,7,276759694,CD_B,85.36153099988587,259,561.0,0,0.11023622047244094,0.45901639344262296,0.17777777777777778,61,254
4,0.0,7,276759694,CD_BOmega,95.59579539997503,234,505.0,0,0.11210762331838565,0.4098360655737705,0.17605633802816903,61,223
4,0.05,7,276759694,CD_A,49.02197620016523,58,197.0,0,0.5168539325842697,0.7540983606557377,0.6133333333333334,61,89
4,0.05,7,276759694,CD_B,56.492815300123766,138,372.0,0,0.18181818181818182,0.36065573770491804,0.24175824175824176,61,121
4,0.05,7,276759694,CD_BOmega,66.47512020007707,90,254.0,0,0.34065934065934067,0.5081967213114754,0.4078947368421053,61,91
4,0.1,7,276759694,CD_A,47.64950280007906,55,174.0,0,0.5375,0.7049180327868853,0.6099290780141844,61,80
4,0.1,7,276759694,CD_B,53.924974699970335,91,241.0,0,0.3333333333333333,0.4918032786885246,0.3973509933774834,61,90
4,0.1,7,276759694,CD_BOmega,64.475500700064,61,165.0,0,0.5,0.4426229508196721,0.4695652173913043,61,54
4,0.2,7,276759694,CD_A,45.492039900040254,56,150.0,0,0.5373134328358209,0.5901639344262295,0.5625,61,67
4,0.2,7,276759694,CD_B,51.784998200135306,67,181.0,0,0.45,0.4426229508196721,0.44628099173553715,61,60
4,0.2,7,276759694,CD_BOmega,61.227492100093514,68,138.0,0,0.4,0.22950819672131148,0.2916666666666667,61,35
4,0.3,7,276759694,CD_A,45.115756599931046,52,131.0,0,0.5737704918032787,0.5737704918032787,0.5737704918032787,61,61
4,0.3,7,276759694,CD_B,51.30197719996795,76,161.0,0,0.35294117647058826,0.29508196721311475,0.32142857142857145,61,51
4,0.3,7,276759694,CD_BOmega,63.65823719999753,54,121.0,0,0.6842105263157895,0.21311475409836064,0.325,61,19
4,,7,276759694,GOLEM,497.26236240006983,95,156.0,0,0.075,0.04918032786885246,0.0594059405940594,61,40
4,0.0,8,165229079,CD_A,76.66930830013007,120,376.0,0,0.2847682119205298,0.7818181818181819,0.4174757281553398,55,151
4,0.0,8,165229079,CD_B,83.26381679996848,197,429.0,0,0.1377551020408163,0.4909090909090909,0.21513944223107564,55,196
4,0.0,8,165229079,CD_BOmega,94.99908820004202,169,393.0,0,0.18681318681318682,0.6181818181818182,0.2869198312236287,55,182
4,0.05,8,165229079,CD_A,49.54679729999043,82,291.0,0,0.37142857142857144,0.7090909090909091,0.48750000000000004,55,105
4,0.05,8,165229079,CD_B,52.89824220002629,88,208.0,0,0.3103448275862069,0.4909090909090909,0.38028169014084506,55,87
4,0.05,8,165229079,CD_BOmega,62.14470320008695,88,167.0,0,0.273972602739726,0.36363636363636365,0.3125,55,73
4,0.1,8,165229079,CD_A,49.551465099910274,80,256.0,0,0.3626373626373626,0.6,0.4520547945205479,55,91
4,0.1,8,165229079,CD_B,50.81258360017091,80,154.0,0,0.323943661971831,0.41818181818181815,0.36507936507936506,55,71
4,0.1,8,165229079,CD_BOmega,60.88154019997455,68,132.0,0,0.3673469387755102,0.32727272727272727,0.34615384615384615,55,49
4,0.2,8,165229079,CD_A,48.892546500079334,58,176.0,0,0.4805194805194805,0.6727272727272727,0.5606060606060606,55,77
4,0.2,8,165229079,CD_B,49.93076840019785,73,140.0,0,0.32,0.2909090909090909,0.3047619047619048,55,50
4,0.2,8,165229079,CD_BOmega,60.893211599905044,62,113.0,0,0.3939393939393939,0.23636363636363636,0.29545454545454547,55,33
4,0.3,8,165229079,CD_A,48.79254819988273,59,187.0,0,0.4714285714285714,0.6,0.528,55,70
4,0.3,8,165229079,CD_B,48.53709280001931,63,116.0,0,0.40476190476190477,0.3090909090909091,0.3505154639175258,55,42
4,0.3,8,165229079,CD_BOmega,62.535692600067705,58,108.0,0,0.42857142857142855,0.16363636363636364,0.23684210526315788,55,21
4,,8,165229079,GOLEM,496.2882910000626,79,134.0,0,0.16666666666666666,0.10909090909090909,0.13186813186813187,55,36
4,0.0,9,700522966,CD_A,76.2863459000364,174,741.0,0,0.23809523809523808,0.78125,0.364963503649635,64,210
4,0.0,9,700522966,CD_B,83.39859379990958,250,746.0,0,0.13671875,0.546875,0.21875,64,256
4,0.0,9,700522966,CD_BOmega,95.2436610001605,258,786.0,0,0.13257575757575757,0.546875,0.21341463414634143,64,264
4,0.05,9,700522966,CD_A,54.61437450000085,108,408.0,0,0.3382352941176471,0.71875,0.45999999999999996,64,136
4,0.05,9,700522966,CD_B,56.70114320004359,114,342.0,0,0.2641509433962264,0.4375,0.3294117647058824,64,106
4,0.05,9,700522966,CD_BOmega,65.48176770005375,91,269.0,0,0.3411764705882353,0.453125,0.38926174496644295,64,85
4,0.1,9,700522966,CD_A,50.95061290008016,109,363.0,0,0.30434782608695654,0.546875,0.39106145251396646,64,115
4,0.1,9,700522966,CD_B,53.51196389994584,97,272.0,0,0.3058823529411765,0.40625,0.348993288590604,64,85
4,0.1,9,700522966,CD_BOmega,62.24642640003003,88,199.0,0,0.2857142857142857,0.25,0.26666666666666666,64,56
4,0.2,9,700522966,CD_A,49.28432899992913,91,256.0,0,0.3548387096774194,0.515625,0.42038216560509556,64,93
4,0.2,9,700522966,CD_B,51.52175340009853,89,213.0,0,0.30158730158730157,0.296875,0.2992125984251968,64,63
4,0.2,9,700522966,CD_BOmega,60.83342429995537,80,168.0,0,0.25,0.125,0.16666666666666666,64,32
4,0.3,9,700522966,CD_A,47.923245199956,74,202.0,0,0.4358974358974359,0.53125,0.47887323943661975,64,78
4,0.3,9,700522966,CD_B,49.214278700063005,76,171.0,0,0.36363636363636365,0.25,0.2962962962962963,64,44
4,0.3,9,700522966,CD_BOmega,60.88244650000706,76,151.0,0,0.22727272727272727,0.078125,0.11627906976744184,64,22
4,,9,700522966,GOLEM,492.8884421000257,90,219.0,0,0.22916666666666666,0.171875,0.19642857142857142,64,48
4,0.0,10,354525967,CD_A,76.77898929989897,234,633.0,0,0.16194331983805668,0.5970149253731343,0.25477707006369427,67,247
4,0.0,10,354525967,CD_B,84.09006239986047,239,584.0,0,0.15040650406504066,0.5522388059701493,0.23642172523961663,67,246
4,0.0,10,354525967,CD_BOmega,96.15271649998613,239,584.0,0,0.15040650406504066,0.5522388059701493,0.23642172523961663,67,246
4,0.05,10,354525967,CD_A,51.59255820000544,111,398.0,0,0.328125,0.6268656716417911,0.4307692307692308,67,128
4,0.05,10,354525967,CD_B,55.625654000090435,148,364.0,0,0.18110236220472442,0.34328358208955223,0.23711340206185566,67,127
4,0.05,10,354525967,CD_BOmega,63.726745600113645,113,269.0,0,0.2261904761904762,0.2835820895522388,0.25165562913907286,67,84
4,0.1,10,354525967,CD_A,49.05240699998103,111,369.0,0,0.3103448275862069,0.5373134328358209,0.3934426229508197,67,116
4,0.1,10,354525967,CD_B,51.97872669994831,112,260.0,0,0.2413793103448276,0.31343283582089554,0.2727272727272727,67,87
4,0.1,10,354525967,CD_BOmega,62.4995859998744,87,183.0,0,0.3275862068965517,0.2835820895522388,0.304,67,58
4,0.2,10,354525967,CD_A,46.36328100017272,95,268.0,0,0.34782608695652173,0.47761194029850745,0.4025157232704402,67,92
4,0.2,10,354525967,CD_B,51.826300400076434,91,194.0,0,0.29310344827586204,0.2537313432835821,0.272,67,58
4,0.2,10,354525967,CD_BOmega,61.55619539995678,62,129.0,0,0.5714285714285714,0.29850746268656714,0.392156862745098,67,35
4,0.3,10,354525967,CD_A,44.96292240009643,94,249.0,0,0.3291139240506329,0.3880597014925373,0.3561643835616438,67,79
4,0.3,10,354525967,CD_B,50.80496159987524,87,172.0,0,0.3,0.22388059701492538,0.2564102564102564,67,50
4,0.3,10,354525967,CD_BOmega,62.919697099830955,66,128.0,0,0.5238095238095238,0.16417910447761194,0.25,67,21
4,,10,354525967,GOLEM,486.8557602998335,104,210.0,0,0.08888888888888889,0.05970149253731343,0.07142857142857142,67,45
