trial_id,data_seed,algorithm,update_budget,effective_update_budget,stopped_early,shd,score,n_edges_true,n_edges_est
1,218858081,CD_A,1,1,0,27,671.3436823151178,27,0
1,218858081,CD_A,2,2,0,27,671.3436823151178,27,0
1,218858081,CD_A,3,3,0,27,671.3436823151178,27,0
1,218858081,CD_A,4,4,0,28,670.6288617668314,27,1
1,218858081,CD_A,5,5,0,28,670.6288617668314,27,1
1,218858081,CD_A,6,6,0,29,666.1494459244129,27,2
1,218858081,CD_A,7,7,0,29,666.1494459244129,27,2
1,218858081,CD_A,8,8,0,29,666.1494459244129,27,2
1,218858081,CD_A,9,9,0,29,666.1494459244129,27,2
1,218858081,CD_A,10,10,0,30,664.0625354747485,27,3
1,218858081,CD_A,11,11,0,30,664.0625354747485,27,3
1,218858081,CD_A,12,12,0,30,664.0625354747485,27,3
1,218858081,CD_A,13,13,0,31,662.8365436735761,27,4
1,218858081,CD_A,14,14,0,32,635.4647718764668,27,5
1,218858081,CD_A,15,15,0,32,635.4647718764668,27,5
1,218858081,CD_A,16,16,0,32,635.4647718764668,27,5
1,218858081,CD_A,17,17,0,32,635.4647718764668,27,5
1,218858081,CD_A,18,18,0,32,635.4647718764668,27,5
1,218858081,CD_A,19,19,0,32,635.4647718764668,27,5
1,218858081,CD_A,20,20,0,32,635.4647718764668,27,5
1,218858081,CD_A,21,21,0,33,635.1192239115417,27,6
1,218858081,CD_A,22,22,0,33,633.8187437626482,27,6
1,218858081,CD_A,23,23,0,33,633.8187437626482,27,6
1,218858081,CD_A,24,24,0,33,633.8187437626482,27,6
1,218858081,CD_A,25,25,0,33,633.815741646753,27,6
1,218858081,CD_A,26,26,0,33,633.815741646753,27,6
1,218858081,CD_A,27,27,0,33,633.815741646753,27,6
1,218858081,CD_A,28,28,0,33,633.815741646753,27,6
1,218858081,CD_A,29,29,0,32,630.931318642911,27,7
1,218858081,CD_A,30,30,0,32,630.931318642911,27,7
1,218858081,CD_A,31,31,0,32,630.931318642911,27,7
1,218858081,CD_A,32,32,0,32,630.931318642911,27,7
1,218858081,CD_A,33,33,0,32,630.931318642911,27,7
1,218858081,CD_A,34,34,0,31,623.8701297223637,27,8
1,218858081,CD_A,35,35,0,32,582.2941849467744,27,9
1,218858081,CD_A,36,36,0,32,582.1524663337719,27,9
1,218858081,CD_A,37,37,0,32,582.1524663337719,27,9
1,218858081,CD_A,38,38,0,32,582.1524663337719,27,9
1,218858081,CD_A,39,39,0,32,582.152466004502,27,9
1,218858081,CD_A,40,40,0,32,582.152466004502,27,9
1,218858081,CD_A,41,41,0,32,582.152466004502,27,9
1,218858081,CD_A,42,42,0,32,582.152466004502,27,9
1,218858081,CD_A,43,43,0,32,582.152466004502,27,9
1,218858081,CD_A,44,44,0,32,582.152466004502,27,9
1,218858081,CD_A,45,45,0,32,582.152466004502,27,9
1,218858081,CD_A,46,46,0,31,581.5871465956494,27,10
1,218858081,CD_A,47,47,0,31,581.5871465956494,27,10
1,218858081,CD_A,48,48,0,31,581.5871465956494,27,10
1,218858081,CD_A,49,49,0,31,581.5871465956494,27,10
1,218858081,CD_A,50,50,0,31,581.5871465956494,27,10
1,218858081,CD_A,51,51,0,31,581.5871465956494,27,10
1,218858081,CD_A,52,52,0,32,580.5152088475345,27,11
1,218858081,CD_A,53,53,0,32,580.5152088475345,27,11
1,218858081,CD_A,54,54,0,33,576.3326690897932,27,12
1,218858081,CD_A,55,55,0,33,576.3326690897932,27,12
1,218858081,CD_A,56,56,0,33,576.3326690897932,27,12
1,218858081,CD_A,57,57,0,33,576.3326690897932,27,12
1,218858081,CD_A,58,58,0,33,576.3326690897932,27,12
1,218858081,CD_A,59,59,0,33,576.3326690897932,27,12
1,218858081,CD_A,60,60,0,33,576.3326690897932,27,12
1,218858081,CD_A,61,61,0,33,576.3259674781557,27,12
1,218858081,CD_A,62,62,0,34,567.01384021135,27,13
1,218858081,CD_A,63,63,0,34,567.01384021135,27,13
1,218858081,CD_A,64,64,0,34,562.538072967233,27,13
1,218858081,CD_A,65,65,0,34,562.538072967233,27,13
1,218858081,CD_A,66,66,0,34,562.538072967233,27,13
1,218858081,CD_A,67,67,0,34,562.538072967233,27,13
1,218858081,CD_A,68,68,0,34,562.538072967233,27,13
1,218858081,CD_A,69,69,0,35,546.611524943862,27,14
1,218858081,CD_A,70,70,0,35,546.611524943862,27,14
1,218858081,CD_A,71,71,0,35,546.611524943862,27,14
1,218858081,CD_A,72,72,0,35,546.611524943862,27,14
1,218858081,CD_A,73,73,0,35,546.611524943862,27,14
1,218858081,CD_A,74,74,0,36,428.63936555514056,27,15
1,218858081,CD_A,75,75,0,37,420.97164671015673,27,16
1,218858081,CD_A,76,76,0,37,420.97164671015673,27,16
1,218858081,CD_A,77,77,0,37,420.97164671015673,27,16
1,218858081,CD_A,78,78,0,38,419.9369468297778,27,17
1,218858081,CD_A,79,79,0,38,419.9369468297778,27,17
1,218858081,CD_A,80,80,0,38,419.9369468297778,27,17
1,218858081,CD_A,81,81,0,38,419.9369468297778,27,17
1,218858081,CD_A,82,82,0,38,419.9369468297778,27,17
1,218858081,CD_A,83,83,0,38,419.9369468297778,27,17
1,218858081,CD_A,84,84,0,38,419.9369468297778,27,17
1,218858081,CD_A,85,85,0,38,419.9369468297778,27,17
1,218858081,CD_A,86,86,0,38,419.9369468297778,27,17
1,218858081,CD_A,87,87,0,38,419.9369468297778,27,17
1,218858081,CD_A,88,88,0,38,419.9369468297778,27,17
1,218858081,CD_A,89,89,0,38,419.9369468297778,27,17
1,218858081,CD_A,90,90,0,38,419.9369468297778,27,17
1,218858081,CD_A,91,91,0,38,419.9369468297778,27,17
1,218858081,CD_A,92,92,0,38,419.9369468297778,27,17
1,218858081,CD_A,93,93,0,38,419.9369468297778,27,17
1,218858081,CD_A,94,94,0,37,303.83903208030193,27,18
1,218858081,CD_A,95,95,0,37,303.83903208030193,27,18
1,218858081,CD_A,96,96,0,37,303.83903208030193,27,18
1,218858081,CD_A,97,97,0,37,303.83903208030193,27,18
1,218858081,CD_A,98,98,0,37,303.83903208030193,27,18
1,218858081,CD_A,99,99,0,37,303.83903208030193,27,18
1,218858081,CD_A,100,100,0,37,303.83903208030193,27,18
1,218858081,CD_A,200,200,0,40,238.8466006924188,27,31
1,218858081,CD_A,400,400,0,53,185.84408211946567,27,46
1,218858081,CD_A,600,600,0,52,162.35098593659913,27,49
1,218858081,CD_A,800,800,0,55,122.56433597552576,27,54
1,218858081,CD_A,1000,1000,0,52,100.09961740434747,27,55
1,218858081,CD_A,1200,1200,0,54,96.40833108865803,27,55
1,218858081,CD_A,1400,1400,0,52,94.25926685896339,27,53
1,218858081,CD_A,1600,1600,0,52,86.29047296300052,27,53
1,218858081,CD_A,1800,1800,0,48,79.76154807731015,27,49
1,218858081,CD_A,2000,2000,0,46,78.68041438488663,27,47
1,218858081,CD_A,2500,2500,0,45,72.98901420000053,27,46
1,218858081,CD_A,3313,3313,0,40,67.13716647291096,27,43
1,218858081,CD_A,4390,4390,0,34,61.05204533287924,27,39
1,218858081,CD_A,5819,5819,0,32,58.71577944159846,27,37
1,218858081,CD_A,7711,7711,0,29,57.196333700824695,27,34
1,218858081,CD_A,10220,10220,0,28,56.50058929747868,27,33
1,218858081,CD_A,13544,13544,0,28,56.005442495625246,27,33
1,218858081,CD_A,17950,17950,0,28,55.60477228398394,27,33
1,218858081,CD_A,23789,23789,0,28,55.03894145855129,27,33
1,218858081,CD_A,31527,31527,0,27,54.91174306902633,27,32
1,218858081,CD_A,41781,41781,0,27,54.76212466817635,27,32
1,218858081,CD_A,55372,55372,0,27,54.678420102785694,27,32
1,218858081,CD_A,73383,73383,0,27,54.64708430386471,27,32
1,218858081,CD_A,97252,97252,0,26,54.63544381112766,27,31
1,218858081,CD_A,128886,128886,0,26,54.629115463174244,27,31
1,218858081,CD_A,170809,170809,0,26,54.62689163697185,27,31
1,218858081,CD_A,226368,226368,0,26,54.62655724219882,27,31
1,218858081,CD_A,300000,300000,0,26,54.62651522661359,27,31
1,218858081,CD_A_epoch,1,1,0,27,97.61717949062404,27,0
1,218858081,CD_A_epoch,2,2,0,27,97.61717949062404,27,0
1,218858081,CD_A_epoch,3,3,0,28,97.61717949062404,27,1
1,218858081,CD_A_epoch,4,4,0,28,97.61717949062404,27,1
1,218858081,CD_A_epoch,5,5,0,28,97.61717949062404,27,1
1,218858081,CD_A_epoch,6,6,0,28,97.61717949062404,27,1
1,218858081,CD_A_epoch,7,7,0,28,97.61717949062404,27,1
1,218858081,CD_A_epoch,8,8,0,28,97.61717949062404,27,1
1,218858081,CD_A_epoch,9,9,0,29,97.61717949062404,27,2
1,218858081,CD_A_epoch,10,10,0,29,97.61717949062404,27,2
1,218858081,CD_A_epoch,11,11,0,29,97.61717949062404,27,2
1,218858081,CD_A_epoch,12,12,0,29,97.61717949062404,27,2
1,218858081,CD_A_epoch,13,13,0,29,97.61717949062404,27,2
1,218858081,CD_A_epoch,14,14,0,29,97.61717949062404,27,2
1,218858081,CD_A_epoch,15,15,0,29,97.61717949062404,27,2
1,218858081,CD_A_epoch,16,16,0,29,97.61717949062404,27,2
1,218858081,CD_A_epoch,17,17,0,29,97.61717949062404,27,2
1,218858081,CD_A_epoch,18,18,0,29,97.61717949062404,27,2
1,218858081,CD_A_epoch,19,19,0,29,97.61717949062404,27,2
1,218858081,CD_A_epoch,20,20,0,29,97.61717949062404,27,2
1,218858081,CD_A_epoch,21,21,0,29,97.61717949062404,27,2
1,218858081,CD_A_epoch,22,22,0,29,97.61717949062404,27,2
1,218858081,CD_A_epoch,23,23,0,28,97.61717949062404,27,3
1,218858081,CD_A_epoch,24,24,0,28,97.61717949062404,27,3
1,218858081,CD_A_epoch,25,25,0,28,97.61717949062404,27,3
1,218858081,CD_A_epoch,26,26,0,28,97.61717949062404,27,3
1,218858081,CD_A_epoch,27,27,0,27,97.61717949062404,27,4
1,218858081,CD_A_epoch,28,28,0,27,97.61717949062404,27,4
1,218858081,CD_A_epoch,29,29,0,27,97.61717949062404,27,4
1,218858081,CD_A_epoch,30,30,0,27,97.61717949062404,27,4
1,218858081,CD_A_epoch,31,31,0,27,97.61717949062404,27,4
1,218858081,CD_A_epoch,32,32,0,27,97.61717949062404,27,4
1,218858081,CD_A_epoch,33,33,0,27,97.61717949062404,27,4
1,218858081,CD_A_epoch,34,34,0,27,97.61717949062404,27,4
1,218858081,CD_A_epoch,35,35,0,27,97.61717949062404,27,4
1,218858081,CD_A_epoch,36,36,0,27,97.61717949062404,27,4
1,218858081,CD_A_epoch,37,37,0,27,97.61717949062404,27,4
1,218858081,CD_A_epoch,38,38,0,27,97.61717949062404,27,4
1,218858081,CD_A_epoch,39,39,0,27,97.61717949062404,27,4
1,218858081,CD_A_epoch,40,40,0,27,97.61717949062404,27,4
1,218858081,CD_A_epoch,41,41,0,28,97.61717949062404,27,5
1,218858081,CD_A_epoch,42,42,0,29,97.61717949062404,27,6
1,218858081,CD_A_epoch,43,43,0,29,97.61717949062404,27,6
1,218858081,CD_A_epoch,44,44,0,29,97.61717949062404,27,6
1,218858081,CD_A_epoch,45,45,0,29,97.61717949062404,27,6
1,218858081,CD_A_epoch,46,46,0,29,97.61717949062404,27,6
1,218858081,CD_A_epoch,47,47,0,29,97.61717949062404,27,6
1,218858081,CD_A_epoch,48,48,0,30,97.61717949062404,27,7
1,218858081,CD_A_epoch,49,49,0,30,97.61717949062404,27,7
1,218858081,CD_A_epoch,50,50,0,31,97.61717949062404,27,8
1,218858081,CD_A_epoch,51,51,0,31,97.61717949062404,27,8
1,218858081,CD_A_epoch,52,52,0,31,97.61717949062404,27,8
1,218858081,CD_A_epoch,53,53,0,31,97.61717949062404,27,8
1,218858081,CD_A_epoch,54,54,0,32,97.61717949062404,27,9
1,218858081,CD_A_epoch,55,55,0,32,97.61717949062404,27,9
1,218858081,CD_A_epoch,56,56,0,32,97.61717949062404,27,9
1,218858081,CD_A_epoch,57,57,0,33,97.61717949062404,27,10
1,218858081,CD_A_epoch,58,58,0,33,97.61717949062404,27,10
1,218858081,CD_A_epoch,59,59,0,33,97.61717949062404,27,10
1,218858081,CD_A_epoch,60,60,0,33,97.61717949062404,27,10
1,218858081,CD_A_epoch,61,61,0,33,97.61717949062404,27,10
1,218858081,CD_A_epoch,62,62,0,33,97.61717949062404,27,10
1,218858081,CD_A_epoch,63,63,0,33,97.61717949062404,27,10
1,218858081,CD_A_epoch,64,64,0,32,97.61717949062404,27,11
1,218858081,CD_A_epoch,65,65,0,32,97.61717949062404,27,11
1,218858081,CD_A_epoch,66,66,0,32,97.61717949062404,27,11
1,218858081,CD_A_epoch,67,67,0,32,97.61717949062404,27,11
1,218858081,CD_A_epoch,68,68,0,33,97.61717949062404,27,12
1,218858081,CD_A_epoch,69,69,0,33,97.61717949062404,27,12
1,218858081,CD_A_epoch,70,70,0,33,97.61717949062404,27,12
1,218858081,CD_A_epoch,71,71,0,33,97.61717949062404,27,12
1,218858081,CD_A_epoch,72,72,0,33,97.61717949062404,27,12
1,218858081,CD_A_epoch,73,73,0,33,97.61717949062404,27,12
1,218858081,CD_A_epoch,74,74,0,33,97.61717949062404,27,12
1,218858081,CD_A_epoch,75,75,0,33,97.61717949062404,27,12
1,218858081,CD_A_epoch,76,76,0,33,97.61717949062404,27,12
1,218858081,CD_A_epoch,77,77,0,33,97.61717949062404,27,12
1,218858081,CD_A_epoch,78,78,0,33,97.61717949062404,27,12
1,218858081,CD_A_epoch,79,79,0,33,97.61717949062404,27,12
1,218858081,CD_A_epoch,80,80,0,33,97.61717949062404,27,12
1,218858081,CD_A_epoch,81,81,0,33,97.61717949062404,27,12
1,218858081,CD_A_epoch,82,82,0,33,97.61717949062404,27,12
1,218858081,CD_A_epoch,83,83,0,33,97.61717949062404,27,12
1,218858081,CD_A_epoch,84,84,0,33,97.61717949062404,27,12
1,218858081,CD_A_epoch,85,85,0,33,97.61717949062404,27,12
1,218858081,CD_A_epoch,86,86,0,33,97.61717949062404,27,12
1,218858081,CD_A_epoch,87,87,0,34,97.61717949062404,27,13
1,218858081,CD_A_epoch,88,88,0,34,97.61717949062404,27,13
1,218858081,CD_A_epoch,89,89,0,34,97.61717949062404,27,13
1,218858081,CD_A_epoch,90,90,0,34,97.61717949062404,27,13
1,218858081,CD_A_epoch,91,91,0,34,97.61717949062404,27,13
1,218858081,CD_A_epoch,92,92,0,34,97.61717949062404,27,13
1,218858081,CD_A_epoch,93,93,0,35,97.61717949062404,27,14
1,218858081,CD_A_epoch,94,94,0,36,97.61717949062404,27,15
1,218858081,CD_A_epoch,95,95,0,36,97.61717949062404,27,15
1,218858081,CD_A_epoch,96,96,0,36,97.61717949062404,27,15
1,218858081,CD_A_epoch,97,97,0,37,97.61717949062404,27,16
1,218858081,CD_A_epoch,98,98,0,37,97.61717949062404,27,16
1,218858081,CD_A_epoch,99,99,0,37,97.61717949062404,27,16
1,218858081,CD_A_epoch,100,100,0,37,97.61717949062404,27,16
1,218858081,CD_A_epoch,200,200,0,45,97.61717949062404,27,32
1,218858081,CD_A_epoch,400,400,0,60,97.61717949062404,27,53
1,218858081,CD_A_epoch,600,600,0,58,78.25479633855336,27,55
1,218858081,CD_A_epoch,800,800,0,54,78.25479633855336,27,51
1,218858081,CD_A_epoch,1000,1000,0,51,71.2185926445632,27,52
1,218858081,CD_A_epoch,1200,1200,0,48,71.2185926445632,27,51
1,218858081,CD_A_epoch,1400,1400,0,47,67.99684528871356,27,52
1,218858081,CD_A_epoch,1600,1600,0,46,67.99684528871356,27,51
1,218858081,CD_A_epoch,1800,1800,0,45,67.99684528871356,27,48
1,218858081,CD_A_epoch,2000,2000,0,44,66.26684970983919,27,47
1,218858081,CD_A_epoch,2500,2500,0,42,64.51433465592994,27,45
1,218858081,CD_A_epoch,3313,3313,0,41,62.455663860864526,27,44
1,218858081,CD_A_epoch,4390,4390,0,35,60.75181795623083,27,38
1,218858081,CD_A_epoch,5819,5819,0,34,59.246139539572965,27,37
1,218858081,CD_A_epoch,7711,7711,0,34,57.82324990618659,27,37
1,218858081,CD_A_epoch,10220,10220,0,31,56.79756760504932,27,34
1,218858081,CD_A_epoch,13544,13544,0,31,55.71977568481426,27,34
1,218858081,CD_A_epoch,17950,17950,0,29,55.282918337677785,27,32
1,218858081,CD_A_epoch,23789,23789,0,28,54.858999497408256,27,31
1,218858081,CD_A_epoch,31527,31527,0,28,54.75544028562949,27,31
1,218858081,CD_A_epoch,41781,41781,0,28,54.72812829498618,27,31
1,218858081,CD_A_epoch,55372,55372,0,28,54.72268721407255,27,31
1,218858081,CD_A_epoch,73383,73383,0,28,54.721782547850424,27,31
1,218858081,CD_A_epoch,97252,97252,0,28,54.721576186674945,27,31
1,218858081,CD_A_epoch,128886,128886,0,28,54.72153303746943,27,31
1,218858081,CD_A_epoch,170809,170809,0,28,54.72152747059101,27,31
1,218858081,CD_A_epoch,226368,226368,0,28,54.721527118752704,27,31
1,218858081,CD_A_epoch,300000,300000,0,28,54.72152710985171,27,31
2,457189129,CD_A,1,1,0,38,1144.7114098531188,38,0
2,457189129,CD_A,2,2,0,38,1144.7114098531188,38,0
2,457189129,CD_A,3,3,0,38,1144.7114098531188,38,0
2,457189129,CD_A,4,4,0,38,1144.7114098531188,38,0
2,457189129,CD_A,5,5,0,37,1139.8604833390127,38,1
2,457189129,CD_A,6,6,0,38,1137.7222443582473,38,2
2,457189129,CD_A,7,7,0,38,1137.7222443582473,38,2
2,457189129,CD_A,8,8,0,38,1137.7222443582473,38,2
2,457189129,CD_A,9,9,0,37,1121.6460898698595,38,3
2,457189129,CD_A,10,10,0,37,1121.6460898698595,38,3
2,457189129,CD_A,11,11,0,38,1116.812666700374,38,4
2,457189129,CD_A,12,12,0,37,1107.9453760243496,38,5
2,457189129,CD_A,13,13,0,38,1101.6641141243742,38,6
2,457189129,CD_A,14,14,0,38,1101.6641141243742,38,6
2,457189129,CD_A,15,15,0,39,1047.412980889933,38,7
2,457189129,CD_A,16,16,0,40,1042.8897407629472,38,8
2,457189129,CD_A,17,17,0,41,1039.836452256074,38,9
2,457189129,CD_A,18,18,0,41,1039.836452256074,38,9
2,457189129,CD_A,19,19,0,41,1039.836452256074,38,9
2,457189129,CD_A,20,20,0,41,1039.836452256074,38,9
2,457189129,CD_A,21,21,0,41,1039.836452256074,38,9
2,457189129,CD_A,22,22,0,42,1038.9636145255745,38,10
2,457189129,CD_A,23,23,0,42,1038.9636145255745,38,10
2,457189129,CD_A,24,24,0,42,1038.9636145255745,38,10
2,457189129,CD_A,25,25,0,42,1038.9636145255745,38,10
2,457189129,CD_A,26,26,0,42,1038.9636145255745,38,10
2,457189129,CD_A,27,27,0,42,1038.9636145255745,38,10
2,457189129,CD_A,28,28,0,42,1038.9636145255745,38,10
2,457189129,CD_A,29,29,0,43,1033.8353304061095,38,11
2,457189129,CD_A,30,30,0,43,1033.8353304061095,38,11
2,457189129,CD_A,31,31,0,44,957.3838222440346,38,12
2,457189129,CD_A,32,32,0,45,951.7006099966208,38,13
2,457189129,CD_A,33,33,0,45,951.5859324113279,38,13
2,457189129,CD_A,34,34,0,45,951.5859324113279,38,13
2,457189129,CD_A,35,35,0,45,951.5859324113279,38,13
2,457189129,CD_A,36,36,0,45,951.5859324113279,38,13
2,457189129,CD_A,37,37,0,45,951.5859324113279,38,13
2,457189129,CD_A,38,38,0,45,951.5859324113279,38,13
2,457189129,CD_A,39,39,0,45,951.5859324113279,38,13
2,457189129,CD_A,40,40,0,45,951.5859324113279,38,13
2,457189129,CD_A,41,41,0,45,951.5859324113279,38,13
2,457189129,CD_A,42,42,0,46,948.0022032619767,38,14
2,457189129,CD_A,43,43,0,46,948.0022032619767,38,14
2,457189129,CD_A,44,44,0,47,947.4758582990747,38,15
2,457189129,CD_A,45,45,0,48,939.7151458143118,38,16
2,457189129,CD_A,46,46,0,47,933.0357745707837,38,17
2,457189129,CD_A,47,47,0,48,930.2611100897426,38,18
2,457189129,CD_A,48,48,0,48,930.2611100897426,38,18
2,457189129,CD_A,49,49,0,48,930.2611100897426,38,18
2,457189129,CD_A,50,50,0,48,930.2611100897426,38,18
2,457189129,CD_A,51,51,0,48,930.2611100897426,38,18
2,457189129,CD_A,52,52,0,48,930.2611100897426,38,18
2,457189129,CD_A,53,53,0,48,930.2611100897426,38,18
2,457189129,CD_A,54,54,0,48,893.4335858666452,38,18
2,457189129,CD_A,55,55,0,48,893.4335858666452,38,18
2,457189129,CD_A,56,56,0,48,893.4335858666452,38,18
2,457189129,CD_A,57,57,0,48,893.4335858666452,38,18
2,457189129,CD_A,58,58,0,48,893.4335858666452,38,18
2,457189129,CD_A,59,59,0,48,893.4335858666452,38,18
2,457189129,CD_A,60,60,0,49,891.8308583939413,38,19
2,457189129,CD_A,61,61,0,49,891.8308583939413,38,19
2,457189129,CD_A,62,62,0,49,891.8308583939413,38,19
2,457189129,CD_A,63,63,0,49,891.8308583939413,38,19
2,457189129,CD_A,64,64,0,49,891.8308583939413,38,19
2,457189129,CD_A,65,65,0,49,891.8308583939413,38,19
2,457189129,CD_A,66,66,0,49,891.8308583939413,38,19
2,457189129,CD_A,67,67,0,49,891.8308583939413,38,19
2,457189129,CD_A,68,68,0,49,891.8308583939413,38,19
2,457189129,CD_A,69,69,0,49,891.8308583939413,38,19
2,457189129,CD_A,70,70,0,49,891.8308583939413,38,19
2,457189129,CD_A,71,71,0,49,891.8308583939413,38,19
2,457189129,CD_A,72,72,0,49,891.8308583939413,38,19
2,457189129,CD_A,73,73,0,49,891.8308583939413,38,19
2,457189129,CD_A,74,74,0,50,881.6274557506058,38,20
2,457189129,CD_A,75,75,0,50,881.6274557506058,38,20
2,457189129,CD_A,76,76,0,50,881.6274557506058,38,20
2,457189129,CD_A,77,77,0,50,881.6274557506058,38,20
2,457189129,CD_A,78,78,0,49,861.9719439264732,38,21
2,457189129,CD_A,79,79,0,48,859.2700589032665,38,22
2,457189129,CD_A,80,80,0,49,858.5773289434208,38,23
2,457189129,CD_A,81,81,0,49,858.5773289434208,38,23
2,457189129,CD_A,82,82,0,51,856.9548610406621,38,23
2,457189129,CD_A,83,83,0,51,856.9548610406621,38,23
2,457189129,CD_A,84,84,0,51,856.9548610406621,38,23
2,457189129,CD_A,85,85,0,51,856.9548610406621,38,23
2,457189129,CD_A,86,86,0,51,856.9548610406621,38,23
2,457189129,CD_A,87,87,0,51,856.9548610406621,38,23
2,457189129,CD_A,88,88,0,51,856.9548610406621,38,23
2,457189129,CD_A,89,89,0,52,853.2880085131856,38,24
2,457189129,CD_A,90,90,0,52,851.9245998701009,38,24
2,457189129,CD_A,91,91,0,52,851.9245998701009,38,24
2,457189129,CD_A,92,92,0,53,829.1055165046821,38,25
2,457189129,CD_A,93,93,0,52,826.5145153549751,38,26
2,457189129,CD_A,94,94,0,52,826.5145153549751,38,26
2,457189129,CD_A,95,95,0,52,826.5145153549751,38,26
2,457189129,CD_A,96,96,0,52,826.5145153549751,38,26
2,457189129,CD_A,97,97,0,52,826.5145153549751,38,26
2,457189129,CD_A,98,98,0,53,446.60057622900985,38,27
2,457189129,CD_A,99,99,0,53,446.60057622900985,38,27
2,457189129,CD_A,100,100,0,53,446.60057622900985,38,27
2,457189129,CD_A,200,200,0,73,335.67071283222015,38,51
2,457189129,CD_A,400,400,0,90,257.1192187692488,38,76
2,457189129,CD_A,600,600,0,98,227.30042964896052,38,92
2,457189129,CD_A,800,800,0,103,206.0200731342973,38,97
2,457189129,CD_A,1000,1000,0,100,191.43290027560914,38,100
2,457189129,CD_A,1200,1200,0,97,160.61362648861555,38,97
2,457189129,CD_A,1400,1400,0,95,144.95523059562632,38,97
2,457189129,CD_A,1600,1600,0,95,124.56381419086324,38,99
2,457189129,CD_A,1800,1800,0,91,120.5920368161443,38,97
2,457189129,CD_A,2000,2000,0,93,110.53878469416242,38,99
2,457189129,CD_A,2500,2500,0,90,96.95133273966076,38,94
2,457189129,CD_A,3313,3313,0,84,82.31873776045668,38,88
2,457189129,CD_A,4390,4390,0,77,70.75111748560634,38,81
2,457189129,CD_A,5819,5819,0,73,65.88958901167186,38,77
2,457189129,CD_A,7711,7711,0,69,62.737201486110436,38,73
2,457189129,CD_A,10220,10220,0,66,60.43832511746752,38,72
2,457189129,CD_A,13544,13544,0,59,59.06497782076704,38,65
2,457189129,CD_A,17950,17950,0,57,58.34864641672969,38,63
2,457189129,CD_A,23789,23789,0,55,58.17259699272429,38,61
2,457189129,CD_A,31527,31527,0,49,57.59315732058445,38,55
2,457189129,CD_A,41781,41781,0,49,57.447335838168755,38,55
2,457189129,CD_A,55372,55372,0,48,57.405376302427854,38,54
2,457189129,CD_A,73383,73383,0,48,57.355588049242456,38,54
2,457189129,CD_A,97252,97252,0,47,57.494093014164804,38,53
2,457189129,CD_A,128886,128886,0,47,57.41744470947243,38,53
2,457189129,CD_A,170809,170809,0,47,57.373226681196144,38,53
2,457189129,CD_A,226368,226368,0,47,57.35334221760431,38,53
2,457189129,CD_A,300000,300000,0,47,57.344979752407795,38,53
2,457189129,CD_A_epoch,1,1,0,38,171.09386926742786,38,0
2,457189129,CD_A_epoch,2,2,0,37,171.09386926742786,38,1
2,457189129,CD_A_epoch,3,3,0,37,171.09386926742786,38,1
2,457189129,CD_A_epoch,4,4,0,38,171.09386926742786,38,2
2,457189129,CD_A_epoch,5,5,0,38,171.09386926742786,38,2
2,457189129,CD_A_epoch,6,6,0,39,171.09386926742786,38,3
2,457189129,CD_A_epoch,7,7,0,39,171.09386926742786,38,3
2,457189129,CD_A_epoch,8,8,0,39,171.09386926742786,38,3
2,457189129,CD_A_epoch,9,9,0,39,171.09386926742786,38,3
2,457189129,CD_A_epoch,10,10,0,40,171.09386926742786,38,4
2,457189129,CD_A_epoch,11,11,0,40,171.09386926742786,38,4
2,457189129,CD_A_epoch,12,12,0,41,171.09386926742786,38,5
2,457189129,CD_A_epoch,13,13,0,42,171.09386926742786,38,6
2,457189129,CD_A_epoch,14,14,0,42,171.09386926742786,38,6
2,457189129,CD_A_epoch,15,15,0,42,171.09386926742786,38,6
2,457189129,CD_A_epoch,16,16,0,42,171.09386926742786,38,6
2,457189129,CD_A_epoch,17,17,0,43,171.09386926742786,38,7
2,457189129,CD_A_epoch,18,18,0,44,171.09386926742786,38,8
2,457189129,CD_A_epoch,19,19,0,44,171.09386926742786,38,8
2,457189129,CD_A_epoch,20,20,0,45,171.09386926742786,38,9
2,457189129,CD_A_epoch,21,21,0,45,171.09386926742786,38,9
2,457189129,CD_A_epoch,22,22,0,45,171.09386926742786,38,9
2,457189129,CD_A_epoch,23,23,0,46,171.09386926742786,38,10
2,457189129,CD_A_epoch,24,24,0,47,171.09386926742786,38,11
2,457189129,CD_A_epoch,25,25,0,48,171.09386926742786,38,12
2,457189129,CD_A_epoch,26,26,0,48,171.09386926742786,38,12
2,457189129,CD_A_epoch,27,27,0,48,171.09386926742786,38,12
2,457189129,CD_A_epoch,28,28,0,49,171.09386926742786,38,13
2,457189129,CD_A_epoch,29,29,0,49,171.09386926742786,38,13
2,457189129,CD_A_epoch,30,30,0,49,171.09386926742786,38,13
2,457189129,CD_A_epoch,31,31,0,49,171.09386926742786,38,13
2,457189129,CD_A_epoch,32,32,0,49,171.09386926742786,38,13
2,457189129,CD_A_epoch,33,33,0,49,171.09386926742786,38,13
2,457189129,CD_A_epoch,34,34,0,50,171.09386926742786,38,14
2,457189129,CD_A_epoch,35,35,0,51,171.09386926742786,38,15
2,457189129,CD_A_epoch,36,36,0,51,171.09386926742786,38,15
2,457189129,CD_A_epoch,37,37,0,51,171.09386926742786,38,15
2,457189129,CD_A_epoch,38,38,0,51,171.09386926742786,38,15
2,457189129,CD_A_epoch,39,39,0,52,171.09386926742786,38,16
2,457189129,CD_A_epoch,40,40,0,52,171.09386926742786,38,16
2,457189129,CD_A_epoch,41,41,0,52,171.09386926742786,38,16
2,457189129,CD_A_epoch,42,42,0,52,171.09386926742786,38,16
2,457189129,CD_A_epoch,43,43,0,52,171.09386926742786,38,16
2,457189129,CD_A_epoch,44,44,0,52,171.09386926742786,38,16
2,457189129,CD_A_epoch,45,45,0,52,171.09386926742786,38,16
2,457189129,CD_A_epoch,46,46,0,52,171.09386926742786,38,16
2,457189129,CD_A_epoch,47,47,0,52,171.09386926742786,38,16
2,457189129,CD_A_epoch,48,48,0,52,171.09386926742786,38,16
2,457189129,CD_A_epoch,49,49,0,51,171.09386926742786,38,17
2,457189129,CD_A_epoch,50,50,0,51,171.09386926742786,38,17
2,457189129,CD_A_epoch,51,51,0,51,171.09386926742786,38,17
2,457189129,CD_A_epoch,52,52,0,51,171.09386926742786,38,17
2,457189129,CD_A_epoch,53,53,0,52,171.09386926742786,38,18
2,457189129,CD_A_epoch,54,54,0,52,171.09386926742786,38,18
2,457189129,CD_A_epoch,55,55,0,52,171.09386926742786,38,18
2,457189129,CD_A_epoch,56,56,0,52,171.09386926742786,38,18
2,457189129,CD_A_epoch,57,57,0,53,171.09386926742786,38,19
2,457189129,CD_A_epoch,58,58,0,54,171.09386926742786,38,20
2,457189129,CD_A_epoch,59,59,0,55,171.09386926742786,38,21
2,457189129,CD_A_epoch,60,60,0,54,171.09386926742786,38,22
2,457189129,CD_A_epoch,61,61,0,54,171.09386926742786,38,22
2,457189129,CD_A_epoch,62,62,0,53,171.09386926742786,38,23
2,457189129,CD_A_epoch,63,63,0,52,171.09386926742786,38,24
2,457189129,CD_A_epoch,64,64,0,53,171.09386926742786,38,25
2,457189129,CD_A_epoch,65,65,0,53,171.09386926742786,38,25
2,457189129,CD_A_epoch,66,66,0,54,171.09386926742786,38,26
2,457189129,CD_A_epoch,67,67,0,55,171.09386926742786,38,27
2,457189129,CD_A_epoch,68,68,0,56,171.09386926742786,38,28
2,457189129,CD_A_epoch,69,69,0,57,171.09386926742786,38,29
2,457189129,CD_A_epoch,70,70,0,58,171.09386926742786,38,30
2,457189129,CD_A_epoch,71,71,0,57,171.09386926742786,38,31
2,457189129,CD_A_epoch,72,72,0,57,171.09386926742786,38,31
2,457189129,CD_A_epoch,73,73,0,57,171.09386926742786,38,31
2,457189129,CD_A_epoch,74,74,0,56,171.09386926742786,38,32
2,457189129,CD_A_epoch,75,75,0,56,171.09386926742786,38,32
2,457189129,CD_A_epoch,76,76,0,56,171.09386926742786,38,32
2,457189129,CD_A_epoch,77,77,0,56,171.09386926742786,38,32
2,457189129,CD_A_epoch,78,78,0,56,171.09386926742786,38,32
2,457189129,CD_A_epoch,79,79,0,57,171.09386926742786,38,33
2,457189129,CD_A_epoch,80,80,0,57,171.09386926742786,38,33
2,457189129,CD_A_epoch,81,81,0,57,171.09386926742786,38,33
2,457189129,CD_A_epoch,82,82,0,58,171.09386926742786,38,34
2,457189129,CD_A_epoch,83,83,0,58,171.09386926742786,38,34
2,457189129,CD_A_epoch,84,84,0,58,171.09386926742786,38,34
2,457189129,CD_A_epoch,85,85,0,58,171.09386926742786,38,34
2,457189129,CD_A_epoch,86,86,0,58,171.09386926742786,38,34
2,457189129,CD_A_epoch,87,87,0,58,171.09386926742786,38,34
2,457189129,CD_A_epoch,88,88,0,58,171.09386926742786,38,34
2,457189129,CD_A_epoch,89,89,0,58,171.09386926742786,38,34
2,457189129,CD_A_epoch,90,90,0,58,171.09386926742786,38,34
2,457189129,CD_A_epoch,91,91,0,58,171.09386926742786,38,34
2,457189129,CD_A_epoch,92,92,0,59,171.09386926742786,38,35
2,457189129,CD_A_epoch,93,93,0,59,171.09386926742786,38,35
2,457189129,CD_A_epoch,94,94,0,60,171.09386926742786,38,36
2,457189129,CD_A_epoch,95,95,0,59,171.09386926742786,38,37
2,457189129,CD_A_epoch,96,96,0,60,171.09386926742786,38,38
2,457189129,CD_A_epoch,97,97,0,61,171.09386926742786,38,39
2,457189129,CD_A_epoch,98,98,0,61,171.09386926742786,38,39
2,457189129,CD_A_epoch,99,99,0,61,171.09386926742786,38,39
2,457189129,CD_A_epoch,100,100,0,61,171.09386926742786,38,39
2,457189129,CD_A_epoch,200,200,0,78,171.09386926742786,38,68
2,457189129,CD_A_epoch,400,400,0,94,171.09386926742786,38,98
2,457189129,CD_A_epoch,600,600,0,92,109.00977759224783,38,100
2,457189129,CD_A_epoch,800,800,0,88,109.00977759224783,38,96
2,457189129,CD_A_epoch,1000,1000,0,85,85.40623146265102,38,91
2,457189129,CD_A_epoch,1200,1200,0,86,85.40623146265102,38,94
2,457189129,CD_A_epoch,1400,1400,0,87,75.6404048631154,38,99
2,457189129,CD_A_epoch,1600,1600,0,83,75.6404048631154,38,95
2,457189129,CD_A_epoch,1800,1800,0,77,75.6404048631154,38,89
2,457189129,CD_A_epoch,2000,2000,0,76,69.440474158862,38,88
2,457189129,CD_A_epoch,2500,2500,0,69,66.03536813680614,38,83
2,457189129,CD_A_epoch,3313,3313,0,64,62.72349475988757,38,78
2,457189129,CD_A_epoch,4390,4390,0,60,60.64062723782851,38,74
2,457189129,CD_A_epoch,5819,5819,0,54,59.60857008942831,38,68
2,457189129,CD_A_epoch,7711,7711,0,50,58.657224488303946,38,64
2,457189129,CD_A_epoch,10220,10220,0,42,58.444413903384316,38,56
2,457189129,CD_A_epoch,13544,13544,0,38,57.84177808808243,38,52
2,457189129,CD_A_epoch,17950,17950,0,35,57.347845009027594,38,49
2,457189129,CD_A_epoch,23789,23789,0,32,56.86386129106566,38,46
2,457189129,CD_A_epoch,31527,31527,0,31,56.68829053198173,38,45
2,457189129,CD_A_epoch,41781,41781,0,28,56.45526886265075,38,42
2,457189129,CD_A_epoch,55372,55372,0,27,56.354084997442726,38,41
2,457189129,CD_A_epoch,73383,73383,0,26,56.28306932572518,38,40
2,457189129,CD_A_epoch,97252,97252,0,26,56.24350238201868,38,40
2,457189129,CD_A_epoch,128886,128886,0,26,56.22663940206801,38,40
2,457189129,CD_A_epoch,170809,170809,0,26,56.22157430924564,38,40
2,457189129,CD_A_epoch,226368,226368,0,26,56.220607627552035,38,40
2,457189129,CD_A_epoch,300000,300000,0,26,56.22050799372931,38,40
3,312377554,CD_A,1,1,0,36,659.6203470722944,35,1
3,312377554,CD_A,2,2,0,36,659.6203470722944,35,1
3,312377554,CD_A,3,3,0,36,659.6203470722944,35,1
3,312377554,CD_A,4,4,0,37,655.329596824957,35,2
3,312377554,CD_A,5,5,0,38,615.5742895334665,35,3
3,312377554,CD_A,6,6,0,38,609.7665760261566,35,3
3,312377554,CD_A,7,7,0,38,609.7665760261566,35,3
3,312377554,CD_A,8,8,0,39,609.4482530156047,35,4
3,312377554,CD_A,9,9,0,39,609.4482530156047,35,4
3,312377554,CD_A,10,10,0,39,609.4482530156047,35,4
3,312377554,CD_A,11,11,0,39,609.4482530156047,35,4
3,312377554,CD_A,12,12,0,39,609.4482530156047,35,4
3,312377554,CD_A,13,13,0,39,609.4482530156047,35,4
3,312377554,CD_A,14,14,0,39,602.1039366842417,35,4
3,312377554,CD_A,15,15,0,39,602.1039366842417,35,4
3,312377554,CD_A,16,16,0,39,602.1039366842417,35,4
3,312377554,CD_A,17,17,0,39,602.1039366842417,35,4
3,312377554,CD_A,18,18,0,39,602.1039366842417,35,4
3,312377554,CD_A,19,19,0,39,602.1039366842417,35,4
3,312377554,CD_A,20,20,0,40,598.8478754365585,35,5
3,312377554,CD_A,21,21,0,40,598.8478754365585,35,5
3,312377554,CD_A,22,22,0,40,598.8478754365585,35,5
3,312377554,CD_A,23,23,0,40,598.8478754365585,35,5
3,312377554,CD_A,24,24,0,41,585.7657162044407,35,6
3,312377554,CD_A,25,25,0,41,585.7657162044407,35,6
3,312377554,CD_A,26,26,0,41,585.7657162044407,35,6
3,312377554,CD_A,27,27,0,40,584.5685384577991,35,7
3,312377554,CD_A,28,28,0,41,581.9826855332534,35,8
3,312377554,CD_A,29,29,0,42,581.5371220013138,35,9
3,312377554,CD_A,30,30,0,42,581.5371220013138,35,9
3,312377554,CD_A,31,31,0,43,525.668642817626,35,10
3,312377554,CD_A,32,32,0,43,525.6683525450677,35,10
3,312377554,CD_A,33,33,0,43,525.6683525450677,35,10
3,312377554,CD_A,34,34,0,43,525.6683525450677,35,10
3,312377554,CD_A,35,35,0,43,525.6683525450677,35,10
3,312377554,CD_A,36,36,0,43,525.6683525450677,35,10
3,312377554,CD_A,37,37,0,43,525.6683525450677,35,10
3,312377554,CD_A,38,38,0,44,518.6626473367119,35,11
3,312377554,CD_A,39,39,0,44,518.6626473367119,35,11
3,312377554,CD_A,40,40,0,44,518.6626473367119,35,11
3,312377554,CD_A,41,41,0,43,514.0581560975443,35,12
3,312377554,CD_A,42,42,0,43,514.0581560975443,35,12
3,312377554,CD_A,43,43,0,43,514.0581560975443,35,12
3,312377554,CD_A,44,44,0,43,514.0581560975443,35,12
3,312377554,CD_A,45,45,0,43,514.0581560975443,35,12
3,312377554,CD_A,46,46,0,43,514.0581560975443,35,12
3,312377554,CD_A,47,47,0,44,484.19456361295585,35,13
3,312377554,CD_A,48,48,0,44,484.19456361295585,35,13
3,312377554,CD_A,49,49,0,45,482.3385667146455,35,14
3,312377554,CD_A,50,50,0,45,482.3385667146455,35,14
3,312377554,CD_A,51,51,0,46,473.51224090794346,35,15
3,312377554,CD_A,52,52,0,46,473.51224090794346,35,15
3,312377554,CD_A,53,53,0,47,473.1155289338649,35,16
3,312377554,CD_A,54,54,0,47,473.1155289338649,35,16
3,312377554,CD_A,55,55,0,47,473.1155289338649,35,16
3,312377554,CD_A,56,56,0,47,473.1155289338649,35,16
3,312377554,CD_A,57,57,0,47,473.1155289338649,35,16
3,312377554,CD_A,58,58,0,47,473.1155289338649,35,16
3,312377554,CD_A,59,59,0,48,470.99046567399466,35,17
3,312377554,CD_A,60,60,0,48,470.99046567399466,35,17
3,312377554,CD_A,61,61,0,48,470.99046567399466,35,17
3,312377554,CD_A,62,62,0,48,470.99046567399466,35,17
3,312377554,CD_A,63,63,0,48,470.99046567399466,35,17
3,312377554,CD_A,64,64,0,49,464.88147283619156,35,18
3,312377554,CD_A,65,65,0,49,452.1838089021469,35,18
3,312377554,CD_A,66,66,0,49,452.1838089021469,35,18
3,312377554,CD_A,67,67,0,49,441.1097665074281,35,18
3,312377554,CD_A,68,68,0,50,440.4461383356092,35,19
3,312377554,CD_A,69,69,0,51,437.2171758009568,35,20
3,312377554,CD_A,70,70,0,51,437.2171758009568,35,20
3,312377554,CD_A,71,71,0,51,437.2171758009568,35,20
3,312377554,CD_A,72,72,0,51,437.2171758009568,35,20
3,312377554,CD_A,73,73,0,51,437.11059493774684,35,20
3,312377554,CD_A,74,74,0,51,437.11059493774684,35,20
3,312377554,CD_A,75,75,0,51,437.11059493774684,35,20
3,312377554,CD_A,76,76,0,51,437.11059493774684,35,20
3,312377554,CD_A,77,77,0,52,408.7372936923138,35,21
3,312377554,CD_A,78,78,0,52,408.7372936923138,35,21
3,312377554,CD_A,79,79,0,52,408.7372936923138,35,21
3,312377554,CD_A,80,80,0,52,408.7372936923138,35,21
3,312377554,CD_A,81,81,0,52,408.7372936923138,35,21
3,312377554,CD_A,82,82,0,52,408.7372936923138,35,21
3,312377554,CD_A,83,83,0,52,408.7372936923138,35,21
3,312377554,CD_A,84,84,0,52,408.7372936923138,35,21
3,312377554,CD_A,85,85,0,51,397.5717485545223,35,22
3,312377554,CD_A,86,86,0,51,393.7450427425142,35,22
3,312377554,CD_A,87,87,0,51,393.7450427425142,35,22
3,312377554,CD_A,88,88,0,51,393.7450427425142,35,22
3,312377554,CD_A,89,89,0,51,393.7450427425142,35,22
3,312377554,CD_A,90,90,0,51,393.7450427425142,35,22
3,312377554,CD_A,91,91,0,51,393.7450427425142,35,22
3,312377554,CD_A,92,92,0,51,393.7450427425142,35,22
3,312377554,CD_A,93,93,0,52,392.4030830394995,35,23
3,312377554,CD_A,94,94,0,52,392.4030830394995,35,23
3,312377554,CD_A,95,95,0,52,392.4030830394995,35,23
3,312377554,CD_A,96,96,0,52,392.4030830394995,35,23
3,312377554,CD_A,97,97,0,53,389.20679745504077,35,24
3,312377554,CD_A,98,98,0,53,389.20679745504077,35,24
3,312377554,CD_A,99,99,0,53,389.20679745504077,35,24
3,312377554,CD_A,100,100,0,54,388.74676277796624,35,25
3,312377554,CD_A,200,200,0,63,258.7257522611033,35,42
3,312377554,CD_A,400,400,0,77,157.00623960380872,35,64
3,312377554,CD_A,600,600,0,77,140.9407819320295,35,74
3,312377554,CD_A,800,800,0,78,110.22208021422796,35,83
3,312377554,CD_A,1000,1000,0,80,100.22155737524874,35,83
3,312377554,CD_A,1200,1200,0,80,94.69713775035135,35,83
3,312377554,CD_A,1400,1400,0,82,89.80093356079792,35,85
3,312377554,CD_A,1600,1600,0,81,86.80077301694071,35,84
3,312377554,CD_A,1800,1800,0,81,83.06718096751871,35,86
3,312377554,CD_A,2000,2000,0,82,80.83333315426322,35,87
3,312377554,CD_A,2500,2500,0,83,73.69621383056973,35,88
3,312377554,CD_A,3313,3313,0,75,67.83629330194705,35,82
3,312377554,CD_A,4390,4390,0,66,63.22079972997617,35,73
3,312377554,CD_A,5819,5819,0,58,60.68569561346866,35,65
3,312377554,CD_A,7711,7711,0,50,58.93298048597474,35,57
3,312377554,CD_A,10220,10220,0,48,57.7965656272215,35,55
3,312377554,CD_A,13544,13544,0,45,56.95626537143983,35,52
3,312377554,CD_A,17950,17950,0,41,56.79806938803884,35,48
3,312377554,CD_A,23789,23789,0,40,56.324024853419914,35,47
3,312377554,CD_A,31527,31527,0,39,56.33048425314648,35,46
3,312377554,CD_A,41781,41781,0,36,56.20751313649281,35,43
3,312377554,CD_A,55372,55372,0,36,56.18484997425142,35,43
3,312377554,CD_A,73383,73383,0,34,56.17632772660855,35,41
3,312377554,CD_A,97252,97252,0,34,56.17250333339323,35,41
3,312377554,CD_A,128886,128886,0,33,56.16893264841314,35,40
3,312377554,CD_A,170809,170809,0,33,56.16861810986799,35,40
3,312377554,CD_A,226368,226368,0,33,56.16853701925577,35,40
3,312377554,CD_A,300000,300000,0,33,56.16852009347948,35,40
3,312377554,CD_A_epoch,1,1,0,34,110.5265456293009,35,1
3,312377554,CD_A_epoch,2,2,0,34,110.5265456293009,35,1
3,312377554,CD_A_epoch,3,3,0,34,110.5265456293009,35,1
3,312377554,CD_A_epoch,4,4,0,34,110.5265456293009,35,1
3,312377554,CD_A_epoch,5,5,0,33,110.5265456293009,35,2
3,312377554,CD_A_epoch,6,6,0,33,110.5265456293009,35,2
3,312377554,CD_A_epoch,7,7,0,33,110.5265456293009,35,2
3,312377554,CD_A_epoch,8,8,0,33,110.5265456293009,35,2
3,312377554,CD_A_epoch,9,9,0,34,110.5265456293009,35,3
3,312377554,CD_A_epoch,10,10,0,34,110.5265456293009,35,3
3,312377554,CD_A_epoch,11,11,0,34,110.5265456293009,35,3
3,312377554,CD_A_epoch,12,12,0,34,110.5265456293009,35,3
3,312377554,CD_A_epoch,13,13,0,34,110.5265456293009,35,3
3,312377554,CD_A_epoch,14,14,0,34,110.5265456293009,35,3
3,312377554,CD_A_epoch,15,15,0,35,110.5265456293009,35,4
3,312377554,CD_A_epoch,16,16,0,36,110.5265456293009,35,5
3,312377554,CD_A_epoch,17,17,0,36,110.5265456293009,35,5
3,312377554,CD_A_epoch,18,18,0,36,110.5265456293009,35,5
3,312377554,CD_A_epoch,19,19,0,36,110.5265456293009,35,5
3,312377554,CD_A_epoch,20,20,0,37,110.5265456293009,35,6
3,312377554,CD_A_epoch,21,21,0,37,110.5265456293009,35,6
3,312377554,CD_A_epoch,22,22,0,37,110.5265456293009,35,6
3,312377554,CD_A_epoch,23,23,0,38,110.5265456293009,35,7
3,312377554,CD_A_epoch,24,24,0,38,110.5265456293009,35,7
3,312377554,CD_A_epoch,25,25,0,38,110.5265456293009,35,7
3,312377554,CD_A_epoch,26,26,0,39,110.5265456293009,35,8
3,312377554,CD_A_epoch,27,27,0,39,110.5265456293009,35,8
3,312377554,CD_A_epoch,28,28,0,38,110.5265456293009,35,9
3,312377554,CD_A_epoch,29,29,0,38,110.5265456293009,35,9
3,312377554,CD_A_epoch,30,30,0,38,110.5265456293009,35,9
3,312377554,CD_A_epoch,31,31,0,38,110.5265456293009,35,9
3,312377554,CD_A_epoch,32,32,0,38,110.5265456293009,35,9
3,312377554,CD_A_epoch,33,33,0,38,110.5265456293009,35,9
3,312377554,CD_A_epoch,34,34,0,37,110.5265456293009,35,10
3,312377554,CD_A_epoch,35,35,0,37,110.5265456293009,35,10
3,312377554,CD_A_epoch,36,36,0,37,110.5265456293009,35,10
3,312377554,CD_A_epoch,37,37,0,37,110.5265456293009,35,10
3,312377554,CD_A_epoch,38,38,0,37,110.5265456293009,35,10
3,312377554,CD_A_epoch,39,39,0,38,110.5265456293009,35,11
3,312377554,CD_A_epoch,40,40,0,39,110.5265456293009,35,12
3,312377554,CD_A_epoch,41,41,0,39,110.5265456293009,35,12
3,312377554,CD_A_epoch,42,42,0,39,110.5265456293009,35,12
3,312377554,CD_A_epoch,43,43,0,39,110.5265456293009,35,12
3,312377554,CD_A_epoch,44,44,0,39,110.5265456293009,35,12
3,312377554,CD_A_epoch,45,45,0,39,110.5265456293009,35,12
3,312377554,CD_A_epoch,46,46,0,39,110.5265456293009,35,12
3,312377554,CD_A_epoch,47,47,0,39,110.5265456293009,35,12
3,312377554,CD_A_epoch,48,48,0,39,110.5265456293009,35,12
3,312377554,CD_A_epoch,49,49,0,39,110.5265456293009,35,12
3,312377554,CD_A_epoch,50,50,0,40,110.5265456293009,35,13
3,312377554,CD_A_epoch,51,51,0,40,110.5265456293009,35,13
3,312377554,CD_A_epoch,52,52,0,41,110.5265456293009,35,14
3,312377554,CD_A_epoch,53,53,0,41,110.5265456293009,35,14
3,312377554,CD_A_epoch,54,54,0,41,110.5265456293009,35,14
3,312377554,CD_A_epoch,55,55,0,42,110.5265456293009,35,15
3,312377554,CD_A_epoch,56,56,0,42,110.5265456293009,35,15
3,312377554,CD_A_epoch,57,57,0,42,110.5265456293009,35,15
3,312377554,CD_A_epoch,58,58,0,42,110.5265456293009,35,15
3,312377554,CD_A_epoch,59,59,0,42,110.5265456293009,35,15
3,312377554,CD_A_epoch,60,60,0,43,110.5265456293009,35,16
3,312377554,CD_A_epoch,61,61,0,43,110.5265456293009,35,16
3,312377554,CD_A_epoch,62,62,0,43,110.5265456293009,35,16
3,312377554,CD_A_epoch,63,63,0,42,110.5265456293009,35,17
3,312377554,CD_A_epoch,64,64,0,42,110.5265456293009,35,17
3,312377554,CD_A_epoch,65,65,0,43,110.5265456293009,35,18
3,312377554,CD_A_epoch,66,66,0,44,110.5265456293009,35,19
3,312377554,CD_A_epoch,67,67,0,44,110.5265456293009,35,19
3,312377554,CD_A_epoch,68,68,0,44,110.5265456293009,35,19
3,312377554,CD_A_epoch,69,69,0,44,110.5265456293009,35,19
3,312377554,CD_A_epoch,70,70,0,44,110.5265456293009,35,19
3,312377554,CD_A_epoch,71,71,0,44,110.5265456293009,35,19
3,312377554,CD_A_epoch,72,72,0,44,110.5265456293009,35,19
3,312377554,CD_A_epoch,73,73,0,44,110.5265456293009,35,19
3,312377554,CD_A_epoch,74,74,0,44,110.5265456293009,35,19
3,312377554,CD_A_epoch,75,75,0,45,110.5265456293009,35,20
3,312377554,CD_A_epoch,76,76,0,45,110.5265456293009,35,20
3,312377554,CD_A_epoch,77,77,0,46,110.5265456293009,35,21
3,312377554,CD_A_epoch,78,78,0,46,110.5265456293009,35,21
3,312377554,CD_A_epoch,79,79,0,46,110.5265456293009,35,21
3,312377554,CD_A_epoch,80,80,0,46,110.5265456293009,35,21
3,312377554,CD_A_epoch,81,81,0,46,110.5265456293009,35,21
3,312377554,CD_A_epoch,82,82,0,47,110.5265456293009,35,22
3,312377554,CD_A_epoch,83,83,0,47,110.5265456293009,35,22
3,312377554,CD_A_epoch,84,84,0,48,110.5265456293009,35,23
3,312377554,CD_A_epoch,85,85,0,49,110.5265456293009,35,24
3,312377554,CD_A_epoch,86,86,0,50,110.5265456293009,35,25
3,312377554,CD_A_epoch,87,87,0,51,110.5265456293009,35,26
3,312377554,CD_A_epoch,88,88,0,51,110.5265456293009,35,26
3,312377554,CD_A_epoch,89,89,0,52,110.5265456293009,35,27
3,312377554,CD_A_epoch,90,90,0,53,110.5265456293009,35,28
3,312377554,CD_A_epoch,91,91,0,53,110.5265456293009,35,28
3,312377554,CD_A_epoch,92,92,0,53,110.5265456293009,35,28
3,312377554,CD_A_epoch,93,93,0,53,110.5265456293009,35,28
3,312377554,CD_A_epoch,94,94,0,53,110.5265456293009,35,28
3,312377554,CD_A_epoch,95,95,0,54,110.5265456293009,35,29
3,312377554,CD_A_epoch,96,96,0,54,110.5265456293009,35,29
3,312377554,CD_A_epoch,97,97,0,55,110.5265456293009,35,30
3,312377554,CD_A_epoch,98,98,0,55,110.5265456293009,35,30
3,312377554,CD_A_epoch,99,99,0,55,110.5265456293009,35,30
3,312377554,CD_A_epoch,100,100,0,54,110.5265456293009,35,31
3,312377554,CD_A_epoch,200,200,0,66,110.5265456293009,35,61
3,312377554,CD_A_epoch,400,400,0,81,110.5265456293009,35,88
3,312377554,CD_A_epoch,600,600,0,81,84.41300648025613,35,90
3,312377554,CD_A_epoch,800,800,0,79,84.41300648025613,35,88
3,312377554,CD_A_epoch,1000,1000,0,78,72.68485120125094,35,89
3,312377554,CD_A_epoch,1200,1200,0,74,72.68485120125094,35,85
3,312377554,CD_A_epoch,1400,1400,0,71,67.55672115408905,35,82
3,312377554,CD_A_epoch,1600,1600,0,70,67.55672115408905,35,81
3,312377554,CD_A_epoch,1800,1800,0,69,67.55672115408905,35,80
3,312377554,CD_A_epoch,2000,2000,0,64,64.12629747786747,35,75
3,312377554,CD_A_epoch,2500,2500,0,57,62.420667331001816,35,68
3,312377554,CD_A_epoch,3313,3313,0,54,60.80446386112383,35,63
3,312377554,CD_A_epoch,4390,4390,0,50,59.66162066088008,35,57
3,312377554,CD_A_epoch,5819,5819,0,47,59.181664085799845,35,54
3,312377554,CD_A_epoch,7711,7711,0,41,59.12556169155316,35,46
3,312377554,CD_A_epoch,10220,10220,0,39,58.648877221943735,35,44
3,312377554,CD_A_epoch,13544,13544,0,39,58.37395743779132,35,44
3,312377554,CD_A_epoch,17950,17950,0,37,58.25498475272627,35,42
3,312377554,CD_A_epoch,23789,23789,0,35,58.17951217189024,35,40
3,312377554,CD_A_epoch,31527,31527,0,34,58.14500226604808,35,39
3,312377554,CD_A_epoch,41781,41781,0,34,58.14307632267456,35,39
3,312377554,CD_A_epoch,55372,55372,0,34,58.142911443434926,35,39
3,312377554,CD_A_epoch,73383,73383,0,34,58.14289855330067,35,39
3,312377554,CD_A_epoch,97252,97252,0,34,58.14289751431348,35,39
3,312377554,CD_A_epoch,128886,128886,0,34,58.14289742476954,35,39
3,312377554,CD_A_epoch,170809,170809,0,34,58.14289741967077,35,39
3,312377554,CD_A_epoch,226368,226368,0,34,58.14289741955524,35,39
3,312377554,CD_A_epoch,300000,300000,0,34,58.14289741955447,35,39
4,56581769,CD_A,1,1,0,32,786.7820532561341,33,1
4,56581769,CD_A,2,2,0,32,786.7820532561341,33,1
4,56581769,CD_A,3,3,0,32,786.7820532561341,33,1
4,56581769,CD_A,4,4,0,32,786.7820532561341,33,1
4,56581769,CD_A,5,5,0,32,786.7820532561341,33,1
4,56581769,CD_A,6,6,0,32,786.7820532561341,33,1
4,56581769,CD_A,7,7,0,31,783.0720650819817,33,2
4,56581769,CD_A,8,8,0,31,783.0720650819817,33,2
4,56581769,CD_A,9,9,0,32,771.1136148407682,33,3
4,56581769,CD_A,10,10,0,32,771.1136148407682,33,3
4,56581769,CD_A,11,11,0,33,766.9697759154471,33,4
4,56581769,CD_A,12,12,0,33,640.6165652099456,33,4
4,56581769,CD_A,13,13,0,33,640.6165652099456,33,4
4,56581769,CD_A,14,14,0,32,457.00587315944637,33,5
4,56581769,CD_A,15,15,0,32,457.00587315944637,33,5
4,56581769,CD_A,16,16,0,32,457.00587315944637,33,5
4,56581769,CD_A,17,17,0,33,448.03998500722463,33,6
4,56581769,CD_A,18,18,0,33,448.03998500722463,33,6
4,56581769,CD_A,19,19,0,33,448.03998500722463,33,6
4,56581769,CD_A,20,20,0,33,448.03998500722463,33,6
4,56581769,CD_A,21,21,0,33,432.48410235831756,33,6
4,56581769,CD_A,22,22,0,33,432.48410235831756,33,6
4,56581769,CD_A,23,23,0,33,432.48410235831756,33,6
4,56581769,CD_A,24,24,0,34,431.8729973890323,33,7
4,56581769,CD_A,25,25,0,34,431.8729973890323,33,7
4,56581769,CD_A,26,26,0,34,431.8729973890323,33,7
4,56581769,CD_A,27,27,0,34,431.8729973890323,33,7
4,56581769,CD_A,28,28,0,34,431.8729973890323,33,7
4,56581769,CD_A,29,29,0,34,431.8729973890323,33,7
4,56581769,CD_A,30,30,0,34,431.8729973890323,33,7
4,56581769,CD_A,31,31,0,33,425.5520229412057,33,8
4,56581769,CD_A,32,32,0,32,421.5153128663094,33,9
4,56581769,CD_A,33,33,0,32,421.5153128663094,33,9
4,56581769,CD_A,34,34,0,32,421.5153128663094,33,9
4,56581769,CD_A,35,35,0,32,421.5153128663094,33,9
4,56581769,CD_A,36,36,0,32,421.5153128663094,33,9
4,56581769,CD_A,37,37,0,33,410.95049196443546,33,10
4,56581769,CD_A,38,38,0,33,410.95049196443546,33,10
4,56581769,CD_A,39,39,0,34,410.0906276630452,33,11
4,56581769,CD_A,40,40,0,33,381.395960424017,33,12
4,56581769,CD_A,41,41,0,34,359.5707748492574,33,13
4,56581769,CD_A,42,42,0,35,357.60638094152216,33,14
4,56581769,CD_A,43,43,0,35,357.60638094152216,33,14
4,56581769,CD_A,44,44,0,35,357.60638094152216,33,14
4,56581769,CD_A,45,45,0,35,357.60638094152216,33,14
4,56581769,CD_A,46,46,0,36,349.3461511754591,33,15
4,56581769,CD_A,47,47,0,36,349.3461511754591,33,15
4,56581769,CD_A,48,48,0,36,349.3461511754591,33,15
4,56581769,CD_A,49,49,0,36,349.3461511754591,33,15
4,56581769,CD_A,50,50,0,37,346.7710696351043,33,16
4,56581769,CD_A,51,51,0,37,346.7710696351043,33,16
4,56581769,CD_A,52,52,0,37,346.25036555885026,33,16
4,56581769,CD_A,53,53,0,38,343.974851905819,33,17
4,56581769,CD_A,54,54,0,37,331.3837392555834,33,18
4,56581769,CD_A,55,55,0,37,331.3837392555834,33,18
4,56581769,CD_A,56,56,0,38,331.1804614570064,33,19
4,56581769,CD_A,57,57,0,38,331.1804614570064,33,19
4,56581769,CD_A,58,58,0,38,331.1804614570064,33,19
4,56581769,CD_A,59,59,0,38,331.1804614570064,33,19
4,56581769,CD_A,60,60,0,39,328.5533845631777,33,20
4,56581769,CD_A,61,61,0,39,328.5533845631777,33,20
4,56581769,CD_A,62,62,0,39,328.5533845631777,33,20
4,56581769,CD_A,63,63,0,39,328.5533845631777,33,20
4,56581769,CD_A,64,64,0,40,327.85554739194885,33,21
4,56581769,CD_A,65,65,0,40,327.85554739194885,33,21
4,56581769,CD_A,66,66,0,41,326.39531143389246,33,22
4,56581769,CD_A,67,67,0,41,326.39531143389246,33,22
4,56581769,CD_A,68,68,0,41,326.39531143389246,33,22
4,56581769,CD_A,69,69,0,41,326.39531143389246,33,22
4,56581769,CD_A,70,70,0,41,326.39531143389246,33,22
4,56581769,CD_A,71,71,0,41,326.39531143389246,33,22
4,56581769,CD_A,72,72,0,41,326.39531143389246,33,22
4,56581769,CD_A,73,73,0,41,326.39531143389246,33,22
4,56581769,CD_A,74,74,0,42,326.02184220898465,33,23
4,56581769,CD_A,75,75,0,42,326.02184220898465,33,23
4,56581769,CD_A,76,76,0,42,326.02184220898465,33,23
4,56581769,CD_A,77,77,0,41,322.523087907572,33,24
4,56581769,CD_A,78,78,0,41,322.523087907572,33,24
4,56581769,CD_A,79,79,0,41,322.523087907572,33,24
4,56581769,CD_A,80,80,0,41,322.523087907572,33,24
4,56581769,CD_A,81,81,0,41,322.523087907572,33,24
4,56581769,CD_A,82,82,0,41,322.523087907572,33,24
4,56581769,CD_A,83,83,0,41,322.1672086256705,33,24
4,56581769,CD_A,84,84,0,41,322.1672086256705,33,24
4,56581769,CD_A,85,85,0,41,322.1672086256705,33,24
4,56581769,CD_A,86,86,0,41,322.1672086256705,33,24
4,56581769,CD_A,87,87,0,42,321.0340048375085,33,25
4,56581769,CD_A,88,88,0,42,321.0340048375085,33,25
4,56581769,CD_A,89,89,0,42,321.0340048375085,33,25
4,56581769,CD_A,90,90,0,42,321.0340048375085,33,25
4,56581769,CD_A,91,91,0,43,319.5191241401734,33,26
4,56581769,CD_A,92,92,0,43,319.5191241401734,33,26
4,56581769,CD_A,93,93,0,43,319.5191241401734,33,26
4,56581769,CD_A,94,94,0,44,315.6399903251301,33,27
4,56581769,CD_A,95,95,0,44,315.6399903251301,33,27
4,56581769,CD_A,96,96,0,45,289.9774343539144,33,28
4,56581769,CD_A,97,97,0,45,289.9774343539144,33,28
4,56581769,CD_A,98,98,0,45,289.9774343539144,33,28
4,56581769,CD_A,99,99,0,45,289.9774343539144,33,28
4,56581769,CD_A,100,100,0,46,282.40863746677894,33,29
4,56581769,CD_A,200,200,0,62,208.64878163094292,33,49
4,56581769,CD_A,400,400,0,74,145.45270133541413,33,71
4,56581769,CD_A,600,600,0,77,121.89155602136371,33,82
4,56581769,CD_A,800,800,0,77,115.43701057734144,33,84
4,56581769,CD_A,1000,1000,0,70,91.33694217671179,33,81
4,56581769,CD_A,1200,1200,0,71,86.2840672089819,33,82
4,56581769,CD_A,1400,1400,0,72,82.14010690595069,33,83
4,56581769,CD_A,1600,1600,0,68,77.96838624175287,33,81
4,56581769,CD_A,1800,1800,0,63,75.98600083135841,33,76
4,56581769,CD_A,2000,2000,0,63,74.25892390607203,33,76
4,56581769,CD_A,2500,2500,0,55,70.62120184419027,33,68
4,56581769,CD_A,3313,3313,0,44,66.90903486492472,33,59
4,56581769,CD_A,4390,4390,0,36,63.66713788497611,33,49
4,56581769,CD_A,5819,5819,0,32,61.288959070802704,33,45
4,56581769,CD_A,7711,7711,0,32,60.61768079169496,33,45
4,56581769,CD_A,10220,10220,0,31,60.294980477162824,33,42
4,56581769,CD_A,13544,13544,0,25,59.7927394378645,33,36
4,56581769,CD_A,17950,17950,0,25,59.65639271369447,33,36
4,56581769,CD_A,23789,23789,0,25,59.51321815865583,33,36
4,56581769,CD_A,31527,31527,0,23,59.4014630649809,33,34
4,56581769,CD_A,41781,41781,0,23,59.2901822865227,33,34
4,56581769,CD_A,55372,55372,0,21,59.16345082141177,33,32
4,56581769,CD_A,73383,73383,0,21,59.10274584125366,33,32
4,56581769,CD_A,97252,97252,0,21,59.04874594422808,33,32
4,56581769,CD_A,128886,128886,0,21,59.019819612558194,33,32
4,56581769,CD_A,170809,170809,0,20,59.002105795170245,33,31
4,56581769,CD_A,226368,226368,0,20,58.99812614222294,33,31
4,56581769,CD_A,300000,300000,0,20,58.997595780737484,33,31
4,56581769,CD_A_epoch,1,1,0,33,143.94926389693794,33,0
4,56581769,CD_A_epoch,2,2,0,33,143.94926389693794,33,0
4,56581769,CD_A_epoch,3,3,0,33,143.94926389693794,33,0
4,56581769,CD_A_epoch,4,4,0,33,143.94926389693794,33,0
4,56581769,CD_A_epoch,5,5,0,33,143.94926389693794,33,0
4,56581769,CD_A_epoch,6,6,0,33,143.94926389693794,33,0
4,56581769,CD_A_epoch,7,7,0,33,143.94926389693794,33,0
4,56581769,CD_A_epoch,8,8,0,34,143.94926389693794,33,1
4,56581769,CD_A_epoch,9,9,0,34,143.94926389693794,33,1
4,56581769,CD_A_epoch,10,10,0,35,143.94926389693794,33,2
4,56581769,CD_A_epoch,11,11,0,35,143.94926389693794,33,2
4,56581769,CD_A_epoch,12,12,0,35,143.94926389693794,33,2
4,56581769,CD_A_epoch,13,13,0,35,143.94926389693794,33,2
4,56581769,CD_A_epoch,14,14,0,36,143.94926389693794,33,3
4,56581769,CD_A_epoch,15,15,0,36,143.94926389693794,33,3
4,56581769,CD_A_epoch,16,16,0,36,143.94926389693794,33,3
4,56581769,CD_A_epoch,17,17,0,35,143.94926389693794,33,4
4,56581769,CD_A_epoch,18,18,0,34,143.94926389693794,33,5
4,56581769,CD_A_epoch,19,19,0,34,143.94926389693794,33,5
4,56581769,CD_A_epoch,20,20,0,34,143.94926389693794,33,5
4,56581769,CD_A_epoch,21,21,0,34,143.94926389693794,33,5
4,56581769,CD_A_epoch,22,22,0,34,143.94926389693794,33,5
4,56581769,CD_A_epoch,23,23,0,34,143.94926389693794,33,5
4,56581769,CD_A_epoch,24,24,0,34,143.94926389693794,33,5
4,56581769,CD_A_epoch,25,25,0,35,143.94926389693794,33,6
4,56581769,CD_A_epoch,26,26,0,35,143.94926389693794,33,6
4,56581769,CD_A_epoch,27,27,0,34,143.94926389693794,33,7
4,56581769,CD_A_epoch,28,28,0,34,143.94926389693794,33,7
4,56581769,CD_A_epoch,29,29,0,34,143.94926389693794,33,7
4,56581769,CD_A_epoch,30,30,0,34,143.94926389693794,33,7
4,56581769,CD_A_epoch,31,31,0,34,143.94926389693794,33,7
4,56581769,CD_A_epoch,32,32,0,34,143.94926389693794,33,7
4,56581769,CD_A_epoch,33,33,0,35,143.94926389693794,33,8
4,56581769,CD_A_epoch,34,34,0,35,143.94926389693794,33,8
4,56581769,CD_A_epoch,35,35,0,35,143.94926389693794,33,8
4,56581769,CD_A_epoch,36,36,0,35,143.94926389693794,33,8
4,56581769,CD_A_epoch,37,37,0,35,143.94926389693794,33,8
4,56581769,CD_A_epoch,38,38,0,35,143.94926389693794,33,8
4,56581769,CD_A_epoch,39,39,0,36,143.94926389693794,33,9
4,56581769,CD_A_epoch,40,40,0,36,143.94926389693794,33,9
4,56581769,CD_A_epoch,41,41,0,36,143.94926389693794,33,9
4,56581769,CD_A_epoch,42,42,0,36,143.94926389693794,33,9
4,56581769,CD_A_epoch,43,43,0,36,143.94926389693794,33,9
4,56581769,CD_A_epoch,44,44,0,36,143.94926389693794,33,9
4,56581769,CD_A_epoch,45,45,0,37,143.94926389693794,33,10
4,56581769,CD_A_epoch,46,46,0,37,143.94926389693794,33,10
4,56581769,CD_A_epoch,47,47,0,38,143.94926389693794,33,11
4,56581769,CD_A_epoch,48,48,0,38,143.94926389693794,33,11
4,56581769,CD_A_epoch,49,49,0,38,143.94926389693794,33,11
4,56581769,CD_A_epoch,50,50,0,38,143.94926389693794,33,11
4,56581769,CD_A_epoch,51,51,0,39,143.94926389693794,33,12
4,56581769,CD_A_epoch,52,52,0,40,143.94926389693794,33,13
4,56581769,CD_A_epoch,53,53,0,41,143.94926389693794,33,14
4,56581769,CD_A_epoch,54,54,0,41,143.94926389693794,33,14
4,56581769,CD_A_epoch,55,55,0,41,143.94926389693794,33,14
4,56581769,CD_A_epoch,56,56,0,42,143.94926389693794,33,15
4,56581769,CD_A_epoch,57,57,0,42,143.94926389693794,33,15
4,56581769,CD_A_epoch,58,58,0,43,143.94926389693794,33,16
4,56581769,CD_A_epoch,59,59,0,43,143.94926389693794,33,16
4,56581769,CD_A_epoch,60,60,0,43,143.94926389693794,33,16
4,56581769,CD_A_epoch,61,61,0,43,143.94926389693794,33,16
4,56581769,CD_A_epoch,62,62,0,43,143.94926389693794,33,16
4,56581769,CD_A_epoch,63,63,0,43,143.94926389693794,33,16
4,56581769,CD_A_epoch,64,64,0,44,143.94926389693794,33,17
4,56581769,CD_A_epoch,65,65,0,44,143.94926389693794,33,17
4,56581769,CD_A_epoch,66,66,0,44,143.94926389693794,33,17
4,56581769,CD_A_epoch,67,67,0,43,143.94926389693794,33,18
4,56581769,CD_A_epoch,68,68,0,43,143.94926389693794,33,18
4,56581769,CD_A_epoch,69,69,0,43,143.94926389693794,33,18
4,56581769,CD_A_epoch,70,70,0,43,143.94926389693794,33,18
4,56581769,CD_A_epoch,71,71,0,43,143.94926389693794,33,18
4,56581769,CD_A_epoch,72,72,0,43,143.94926389693794,33,18
4,56581769,CD_A_epoch,73,73,0,42,143.94926389693794,33,19
4,56581769,CD_A_epoch,74,74,0,42,143.94926389693794,33,19
4,56581769,CD_A_epoch,75,75,0,42,143.94926389693794,33,19
4,56581769,CD_A_epoch,76,76,0,42,143.94926389693794,33,19
4,56581769,CD_A_epoch,77,77,0,43,143.94926389693794,33,20
4,56581769,CD_A_epoch,78,78,0,43,143.94926389693794,33,20
4,56581769,CD_A_epoch,79,79,0,43,143.94926389693794,33,20
4,56581769,CD_A_epoch,80,80,0,43,143.94926389693794,33,20
4,56581769,CD_A_epoch,81,81,0,43,143.94926389693794,33,20
4,56581769,CD_A_epoch,82,82,0,44,143.94926389693794,33,21
4,56581769,CD_A_epoch,83,83,0,44,143.94926389693794,33,21
4,56581769,CD_A_epoch,84,84,0,44,143.94926389693794,33,21
4,56581769,CD_A_epoch,85,85,0,44,143.94926389693794,33,21
4,56581769,CD_A_epoch,86,86,0,44,143.94926389693794,33,21
4,56581769,CD_A_epoch,87,87,0,44,143.94926389693794,33,21
4,56581769,CD_A_epoch,88,88,0,44,143.94926389693794,33,21
4,56581769,CD_A_epoch,89,89,0,43,143.94926389693794,33,22
4,56581769,CD_A_epoch,90,90,0,43,143.94926389693794,33,22
4,56581769,CD_A_epoch,91,91,0,43,143.94926389693794,33,22
4,56581769,CD_A_epoch,92,92,0,43,143.94926389693794,33,22
4,56581769,CD_A_epoch,93,93,0,44,143.94926389693794,33,23
4,56581769,CD_A_epoch,94,94,0,44,143.94926389693794,33,23
4,56581769,CD_A_epoch,95,95,0,44,143.94926389693794,33,23
4,56581769,CD_A_epoch,96,96,0,44,143.94926389693794,33,23
4,56581769,CD_A_epoch,97,97,0,44,143.94926389693794,33,23
4,56581769,CD_A_epoch,98,98,0,44,143.94926389693794,33,23
4,56581769,CD_A_epoch,99,99,0,44,143.94926389693794,33,23
4,56581769,CD_A_epoch,100,100,0,44,143.94926389693794,33,23
4,56581769,CD_A_epoch,200,200,0,53,143.94926389693794,33,34
4,56581769,CD_A_epoch,400,400,0,61,143.94926389693794,33,66
4,56581769,CD_A_epoch,600,600,0,59,94.99635556760845,33,66
4,56581769,CD_A_epoch,800,800,0,60,94.99635556760845,33,67
4,56581769,CD_A_epoch,1000,1000,0,59,79.13882900633455,33,70
4,56581769,CD_A_epoch,1200,1200,0,57,79.13882900633455,33,68
4,56581769,CD_A_epoch,1400,1400,0,55,73.87288792478364,33,66
4,56581769,CD_A_epoch,1600,1600,0,55,73.87288792478364,33,66
4,56581769,CD_A_epoch,1800,1800,0,55,73.87288792478364,33,66
4,56581769,CD_A_epoch,2000,2000,0,53,69.70599693540781,33,66
4,56581769,CD_A_epoch,2500,2500,0,48,66.49983330573062,33,61
4,56581769,CD_A_epoch,3313,3313,0,42,63.28626057249513,33,53
4,56581769,CD_A_epoch,4390,4390,0,41,61.03366996357862,33,50
4,56581769,CD_A_epoch,5819,5819,0,41,59.61203671000163,33,48
4,56581769,CD_A_epoch,7711,7711,0,38,58.66647672547728,33,45
4,56581769,CD_A_epoch,10220,10220,0,38,58.128872433058916,33,45
4,56581769,CD_A_epoch,13544,13544,0,38,57.83658355630322,33,45
4,56581769,CD_A_epoch,17950,17950,0,37,57.80913921337319,33,44
4,56581769,CD_A_epoch,23789,23789,0,37,57.70690422209188,33,44
4,56581769,CD_A_epoch,31527,31527,0,35,57.67117525663802,33,42
4,56581769,CD_A_epoch,41781,41781,0,35,57.65381681370922,33,42
4,56581769,CD_A_epoch,55372,55372,0,35,57.64333333465741,33,42
4,56581769,CD_A_epoch,73383,73383,0,35,57.637672699563026,33,42
4,56581769,CD_A_epoch,97252,97252,0,33,57.63285333026097,33,40
4,56581769,CD_A_epoch,128886,128886,0,33,57.63278055516003,33,40
4,56581769,CD_A_epoch,170809,170809,0,33,57.632780365510854,33,40
4,56581769,CD_A_epoch,226368,226368,0,33,57.632780365379475,33,40
4,56581769,CD_A_epoch,300000,300000,0,33,57.63278036537943,33,40
5,514544373,CD_A,1,1,0,36,352.8986257074258,35,1
5,514544373,CD_A,2,2,0,36,352.8986257074258,35,1
5,514544373,CD_A,3,3,0,37,350.85468092502185,35,2
5,514544373,CD_A,4,4,0,38,311.2151791413905,35,3
5,514544373,CD_A,5,5,0,38,311.2151791413905,35,3
5,514544373,CD_A,6,6,0,39,308.2619090459409,35,4
5,514544373,CD_A,7,7,0,39,257.37204511140885,35,4
5,514544373,CD_A,8,8,0,39,257.37204511140885,35,4
5,514544373,CD_A,9,9,0,39,257.37204511140885,35,4
5,514544373,CD_A,10,10,0,39,257.37204511140885,35,4
5,514544373,CD_A,11,11,0,39,257.37204511140885,35,4
5,514544373,CD_A,12,12,0,39,257.37204511140885,35,4
5,514544373,CD_A,13,13,0,39,257.37204511140885,35,4
5,514544373,CD_A,14,14,0,39,257.37204511140885,35,4
5,514544373,CD_A,15,15,0,39,257.37204511140885,35,4
5,514544373,CD_A,16,16,0,39,257.37204511140885,35,4
5,514544373,CD_A,17,17,0,40,253.98159343118203,35,5
5,514544373,CD_A,18,18,0,40,253.98159343118203,35,5
5,514544373,CD_A,19,19,0,40,253.98159343118203,35,5
5,514544373,CD_A,20,20,0,40,253.98159343118203,35,5
5,514544373,CD_A,21,21,0,40,253.98159343118203,35,5
5,514544373,CD_A,22,22,0,40,253.98159343118203,35,5
5,514544373,CD_A,23,23,0,40,253.98159343118203,35,5
5,514544373,CD_A,24,24,0,41,253.06795602491775,35,6
5,514544373,CD_A,25,25,0,42,252.15987563125884,35,7
5,514544373,CD_A,26,26,0,42,252.15987563125884,35,7
5,514544373,CD_A,27,27,0,42,252.15987563125884,35,7
5,514544373,CD_A,28,28,0,42,252.15987563125884,35,7
5,514544373,CD_A,29,29,0,43,249.8251856597039,35,8
5,514544373,CD_A,30,30,0,43,249.8251856597039,35,8
5,514544373,CD_A,31,31,0,43,249.42821054373087,35,8
5,514544373,CD_A,32,32,0,43,249.42821054373087,35,8
5,514544373,CD_A,33,33,0,43,249.42821054373087,35,8
5,514544373,CD_A,34,34,0,43,249.42821054373087,35,8
5,514544373,CD_A,35,35,0,43,249.42821054373087,35,8
5,514544373,CD_A,36,36,0,43,249.42821054373087,35,8
5,514544373,CD_A,37,37,0,43,249.42821054373087,35,8
5,514544373,CD_A,38,38,0,43,249.42821054373087,35,8
5,514544373,CD_A,39,39,0,43,249.42821054373087,35,8
5,514544373,CD_A,40,40,0,43,249.42821054373087,35,8
5,514544373,CD_A,41,41,0,42,246.9921460818972,35,9
5,514544373,CD_A,42,42,0,42,246.36000399942526,35,9
5,514544373,CD_A,43,43,0,42,246.36000399942526,35,9
5,514544373,CD_A,44,44,0,43,242.82592648024826,35,10
5,514544373,CD_A,45,45,0,43,242.82592648024826,35,10
5,514544373,CD_A,46,46,0,42,236.95618417556852,35,11
5,514544373,CD_A,47,47,0,42,236.95618417556852,35,11
5,514544373,CD_A,48,48,0,42,236.95618417556852,35,11
5,514544373,CD_A,49,49,0,43,231.20636781505067,35,12
5,514544373,CD_A,50,50,0,44,230.44085621446152,35,13
5,514544373,CD_A,51,51,0,44,230.44085621446152,35,13
5,514544373,CD_A,52,52,0,44,230.44085621446152,35,13
5,514544373,CD_A,53,53,0,44,230.44085621446152,35,13
5,514544373,CD_A,54,54,0,44,230.44085621446152,35,13
5,514544373,CD_A,55,55,0,44,230.44085621446152,35,13
5,514544373,CD_A,56,56,0,44,230.44085621446152,35,13
5,514544373,CD_A,57,57,0,44,230.44085621446152,35,13
5,514544373,CD_A,58,58,0,44,230.44085621446152,35,13
5,514544373,CD_A,59,59,0,44,230.44085621446152,35,13
5,514544373,CD_A,60,60,0,44,230.44085621446152,35,13
5,514544373,CD_A,61,61,0,44,230.44085621446152,35,13
5,514544373,CD_A,62,62,0,44,230.44085621446152,35,13
5,514544373,CD_A,63,63,0,44,230.44085621446152,35,13
5,514544373,CD_A,64,64,0,44,230.44085621446152,35,13
5,514544373,CD_A,65,65,0,44,230.44085621446152,35,13
5,514544373,CD_A,66,66,0,44,230.44085621446152,35,13
5,514544373,CD_A,67,67,0,44,230.44085621446152,35,13
5,514544373,CD_A,68,68,0,44,230.44085621446152,35,13
5,514544373,CD_A,69,69,0,45,230.22590410783653,35,14
5,514544373,CD_A,70,70,0,45,230.22590410783653,35,14
5,514544373,CD_A,71,71,0,45,230.22590410783653,35,14
5,514544373,CD_A,72,72,0,45,230.22590410783653,35,14
5,514544373,CD_A,73,73,0,45,230.22590410783653,35,14
5,514544373,CD_A,74,74,0,45,230.22590410783653,35,14
5,514544373,CD_A,75,75,0,44,228.87799533963448,35,15
5,514544373,CD_A,76,76,0,44,228.87799533963448,35,15
5,514544373,CD_A,77,77,0,44,228.87799533963448,35,15
5,514544373,CD_A,78,78,0,44,228.87799533963448,35,15
5,514544373,CD_A,79,79,0,44,228.87799533963448,35,15
5,514544373,CD_A,80,80,0,43,228.0305750326794,35,14
5,514544373,CD_A,81,81,0,43,228.0305750326794,35,14
5,514544373,CD_A,82,82,0,44,224.0870336694,35,15
5,514544373,CD_A,83,83,0,45,223.40363752497512,35,16
5,514544373,CD_A,84,84,0,46,221.15077315743497,35,17
5,514544373,CD_A,85,85,0,46,221.15077315743497,35,17
5,514544373,CD_A,86,86,0,46,221.15077315743497,35,17
5,514544373,CD_A,87,87,0,46,221.15077315743497,35,17
5,514544373,CD_A,88,88,0,47,216.145175804776,35,18
5,514544373,CD_A,89,89,0,47,216.145175804776,35,18
5,514544373,CD_A,90,90,0,47,216.145175804776,35,18
5,514544373,CD_A,91,91,0,47,216.145175804776,35,18
5,514544373,CD_A,92,92,0,47,216.145175804776,35,18
5,514544373,CD_A,93,93,0,47,216.145175804776,35,18
5,514544373,CD_A,94,94,0,46,215.58487802651322,35,19
5,514544373,CD_A,95,95,0,46,215.58487802651322,35,19
5,514544373,CD_A,96,96,0,46,214.93433442440158,35,19
5,514544373,CD_A,97,97,0,46,214.93433442440158,35,19
5,514544373,CD_A,98,98,0,46,214.93433442440158,35,19
5,514544373,CD_A,99,99,0,47,213.0019598110698,35,20
5,514544373,CD_A,100,100,0,48,212.8017775824879,35,21
5,514544373,CD_A,200,200,0,51,176.12739912439469,35,34
5,514544373,CD_A,400,400,0,61,126.75508425945407,35,52
5,514544373,CD_A,600,600,0,61,97.7134827587744,35,60
5,514544373,CD_A,800,800,0,57,86.54078178852326,35,60
5,514544373,CD_A,1000,1000,0,60,84.09430627083407,35,63
5,514544373,CD_A,1200,1200,0,57,81.45907082644689,35,66
5,514544373,CD_A,1400,1400,0,51,74.5938080278143,35,68
5,514544373,CD_A,1600,1600,0,49,71.09257428582322,35,66
5,514544373,CD_A,1800,1800,0,45,68.91013877751067,35,62
5,514544373,CD_A,2000,2000,0,45,67.42238162641503,35,60
5,514544373,CD_A,2500,2500,0,40,63.977658900931786,35,57
5,514544373,CD_A,3313,3313,0,32,61.692344818827955,35,47
5,514544373,CD_A,4390,4390,0,32,58.538065519026546,35,49
5,514544373,CD_A,5819,5819,0,31,57.06670655586151,35,48
5,514544373,CD_A,7711,7711,0,26,56.09903354294883,35,43
5,514544373,CD_A,10220,10220,0,24,55.33569364359039,35,41
5,514544373,CD_A,13544,13544,0,24,54.924742370010364,35,41
5,514544373,CD_A,17950,17950,0,24,54.698964970442404,35,41
5,514544373,CD_A,23789,23789,0,24,54.57012558554109,35,41
5,514544373,CD_A,31527,31527,0,24,54.52640971855746,35,41
5,514544373,CD_A,41781,41781,0,24,54.5164893876044,35,41
5,514544373,CD_A,55372,55372,0,24,54.514708204724975,35,41
5,514544373,CD_A,73383,73383,0,24,54.51443509733744,35,41
5,514544373,CD_A,97252,97252,0,24,54.51441963679284,35,41
5,514544373,CD_A,128886,128886,0,24,54.514419219402555,35,41
5,514544373,CD_A,170809,170809,0,24,54.5144192165363,35,41
5,514544373,CD_A,226368,226368,0,24,54.51441921652937,35,41
5,514544373,CD_A,300000,300000,0,24,54.51441921652937,35,41
5,514544373,CD_A_epoch,1,1,0,35,95.41114287591043,35,0
5,514544373,CD_A_epoch,2,2,0,35,95.41114287591043,35,0
5,514544373,CD_A_epoch,3,3,0,36,95.41114287591043,35,1
5,514544373,CD_A_epoch,4,4,0,36,95.41114287591043,35,1
5,514544373,CD_A_epoch,5,5,0,36,95.41114287591043,35,1
5,514544373,CD_A_epoch,6,6,0,36,95.41114287591043,35,1
5,514544373,CD_A_epoch,7,7,0,36,95.41114287591043,35,1
5,514544373,CD_A_epoch,8,8,0,35,95.41114287591043,35,2
5,514544373,CD_A_epoch,9,9,0,35,95.41114287591043,35,2
5,514544373,CD_A_epoch,10,10,0,35,95.41114287591043,35,2
5,514544373,CD_A_epoch,11,11,0,35,95.41114287591043,35,2
5,514544373,CD_A_epoch,12,12,0,35,95.41114287591043,35,2
5,514544373,CD_A_epoch,13,13,0,36,95.41114287591043,35,3
5,514544373,CD_A_epoch,14,14,0,37,95.41114287591043,35,4
5,514544373,CD_A_epoch,15,15,0,38,95.41114287591043,35,5
5,514544373,CD_A_epoch,16,16,0,38,95.41114287591043,35,5
5,514544373,CD_A_epoch,17,17,0,39,95.41114287591043,35,6
5,514544373,CD_A_epoch,18,18,0,40,95.41114287591043,35,7
5,514544373,CD_A_epoch,19,19,0,41,95.41114287591043,35,8
5,514544373,CD_A_epoch,20,20,0,41,95.41114287591043,35,8
5,514544373,CD_A_epoch,21,21,0,41,95.41114287591043,35,8
5,514544373,CD_A_epoch,22,22,0,41,95.41114287591043,35,8
5,514544373,CD_A_epoch,23,23,0,42,95.41114287591043,35,9
5,514544373,CD_A_epoch,24,24,0,42,95.41114287591043,35,9
5,514544373,CD_A_epoch,25,25,0,42,95.41114287591043,35,9
5,514544373,CD_A_epoch,26,26,0,42,95.41114287591043,35,9
5,514544373,CD_A_epoch,27,27,0,41,95.41114287591043,35,10
5,514544373,CD_A_epoch,28,28,0,40,95.41114287591043,35,11
5,514544373,CD_A_epoch,29,29,0,40,95.41114287591043,35,11
5,514544373,CD_A_epoch,30,30,0,40,95.41114287591043,35,11
5,514544373,CD_A_epoch,31,31,0,41,95.41114287591043,35,12
5,514544373,CD_A_epoch,32,32,0,41,95.41114287591043,35,12
5,514544373,CD_A_epoch,33,33,0,40,95.41114287591043,35,13
5,514544373,CD_A_epoch,34,34,0,40,95.41114287591043,35,13
5,514544373,CD_A_epoch,35,35,0,40,95.41114287591043,35,13
5,514544373,CD_A_epoch,36,36,0,40,95.41114287591043,35,13
5,514544373,CD_A_epoch,37,37,0,40,95.41114287591043,35,13
5,514544373,CD_A_epoch,38,38,0,40,95.41114287591043,35,13
5,514544373,CD_A_epoch,39,39,0,39,95.41114287591043,35,14
5,514544373,CD_A_epoch,40,40,0,39,95.41114287591043,35,14
5,514544373,CD_A_epoch,41,41,0,40,95.41114287591043,35,15
5,514544373,CD_A_epoch,42,42,0,40,95.41114287591043,35,15
5,514544373,CD_A_epoch,43,43,0,40,95.41114287591043,35,15
5,514544373,CD_A_epoch,44,44,0,40,95.41114287591043,35,15
5,514544373,CD_A_epoch,45,45,0,40,95.41114287591043,35,15
5,514544373,CD_A_epoch,46,46,0,40,95.41114287591043,35,15
5,514544373,CD_A_epoch,47,47,0,40,95.41114287591043,35,15
5,514544373,CD_A_epoch,48,48,0,40,95.41114287591043,35,15
5,514544373,CD_A_epoch,49,49,0,40,95.41114287591043,35,15
5,514544373,CD_A_epoch,50,50,0,40,95.41114287591043,35,15
5,514544373,CD_A_epoch,51,51,0,40,95.41114287591043,35,15
5,514544373,CD_A_epoch,52,52,0,40,95.41114287591043,35,15
5,514544373,CD_A_epoch,53,53,0,39,95.41114287591043,35,16
5,514544373,CD_A_epoch,54,54,0,39,95.41114287591043,35,16
5,514544373,CD_A_epoch,55,55,0,39,95.41114287591043,35,16
5,514544373,CD_A_epoch,56,56,0,38,95.41114287591043,35,17
5,514544373,CD_A_epoch,57,57,0,37,95.41114287591043,35,18
5,514544373,CD_A_epoch,58,58,0,37,95.41114287591043,35,18
5,514544373,CD_A_epoch,59,59,0,37,95.41114287591043,35,18
5,514544373,CD_A_epoch,60,60,0,37,95.41114287591043,35,18
5,514544373,CD_A_epoch,61,61,0,38,95.41114287591043,35,19
5,514544373,CD_A_epoch,62,62,0,38,95.41114287591043,35,19
5,514544373,CD_A_epoch,63,63,0,37,95.41114287591043,35,20
5,514544373,CD_A_epoch,64,64,0,38,95.41114287591043,35,21
5,514544373,CD_A_epoch,65,65,0,38,95.41114287591043,35,21
5,514544373,CD_A_epoch,66,66,0,38,95.41114287591043,35,21
5,514544373,CD_A_epoch,67,67,0,38,95.41114287591043,35,21
5,514544373,CD_A_epoch,68,68,0,38,95.41114287591043,35,21
5,514544373,CD_A_epoch,69,69,0,38,95.41114287591043,35,21
5,514544373,CD_A_epoch,70,70,0,38,95.41114287591043,35,21
5,514544373,CD_A_epoch,71,71,0,38,95.41114287591043,35,21
5,514544373,CD_A_epoch,72,72,0,39,95.41114287591043,35,22
5,514544373,CD_A_epoch,73,73,0,39,95.41114287591043,35,22
5,514544373,CD_A_epoch,74,74,0,39,95.41114287591043,35,22
5,514544373,CD_A_epoch,75,75,0,39,95.41114287591043,35,22
5,514544373,CD_A_epoch,76,76,0,39,95.41114287591043,35,22
5,514544373,CD_A_epoch,77,77,0,39,95.41114287591043,35,22
5,514544373,CD_A_epoch,78,78,0,40,95.41114287591043,35,23
5,514544373,CD_A_epoch,79,79,0,41,95.41114287591043,35,24
5,514544373,CD_A_epoch,80,80,0,41,95.41114287591043,35,24
5,514544373,CD_A_epoch,81,81,0,42,95.41114287591043,35,25
5,514544373,CD_A_epoch,82,82,0,42,95.41114287591043,35,25
5,514544373,CD_A_epoch,83,83,0,43,95.41114287591043,35,26
5,514544373,CD_A_epoch,84,84,0,43,95.41114287591043,35,26
5,514544373,CD_A_epoch,85,85,0,42,95.41114287591043,35,27
5,514544373,CD_A_epoch,86,86,0,42,95.41114287591043,35,27
5,514544373,CD_A_epoch,87,87,0,42,95.41114287591043,35,27
5,514544373,CD_A_epoch,88,88,0,42,95.41114287591043,35,27
5,514544373,CD_A_epoch,89,89,0,42,95.41114287591043,35,27
5,514544373,CD_A_epoch,90,90,0,41,95.41114287591043,35,28
5,514544373,CD_A_epoch,91,91,0,41,95.41114287591043,35,28
5,514544373,CD_A_epoch,92,92,0,42,95.41114287591043,35,29
5,514544373,CD_A_epoch,93,93,0,42,95.41114287591043,35,29
5,514544373,CD_A_epoch,94,94,0,42,95.41114287591043,35,29
5,514544373,CD_A_epoch,95,95,0,42,95.41114287591043,35,29
5,514544373,CD_A_epoch,96,96,0,42,95.41114287591043,35,29
5,514544373,CD_A_epoch,97,97,0,42,95.41114287591043,35,29
5,514544373,CD_A_epoch,98,98,0,43,95.41114287591043,35,30
5,514544373,CD_A_epoch,99,99,0,43,95.41114287591043,35,30
5,514544373,CD_A_epoch,100,100,0,43,95.41114287591043,35,30
5,514544373,CD_A_epoch,200,200,0,53,95.41114287591043,35,46
5,514544373,CD_A_epoch,400,400,0,61,95.41114287591043,35,76
5,514544373,CD_A_epoch,600,600,0,57,66.99840222933263,35,74
5,514544373,CD_A_epoch,800,800,0,54,66.99840222933263,35,69
5,514544373,CD_A_epoch,1000,1000,0,51,60.98071892681021,35,64
5,514544373,CD_A_epoch,1200,1200,0,50,60.98071892681021,35,63
5,514544373,CD_A_epoch,1400,1400,0,48,59.24815852079181,35,59
5,514544373,CD_A_epoch,1600,1600,0,46,59.24815852079181,35,57
5,514544373,CD_A_epoch,1800,1800,0,44,59.24815852079181,35,55
5,514544373,CD_A_epoch,2000,2000,0,40,58.157723017383475,35,51
5,514544373,CD_A_epoch,2500,2500,0,37,57.011848658382334,35,46
5,514544373,CD_A_epoch,3313,3313,0,35,56.590968238219034,35,44
5,514544373,CD_A_epoch,4390,4390,0,31,55.943747767637305,35,40
5,514544373,CD_A_epoch,5819,5819,0,30,55.55237648093874,35,39
5,514544373,CD_A_epoch,7711,7711,0,30,55.49295644999067,35,39
5,514544373,CD_A_epoch,10220,10220,0,27,55.11297403693358,35,36
5,514544373,CD_A_epoch,13544,13544,0,26,54.979678446601696,35,35
5,514544373,CD_A_epoch,17950,17950,0,24,54.88278296514348,35,33
5,514544373,CD_A_epoch,23789,23789,0,24,54.85492867318135,35,33
5,514544373,CD_A_epoch,31527,31527,0,24,54.846693778958944,35,33
5,514544373,CD_A_epoch,41781,41781,0,24,54.84469454788948,35,33
5,514544373,CD_A_epoch,55372,55372,0,24,54.84441972289976,35,33
5,514544373,CD_A_epoch,73383,73383,0,24,54.84440192805785,35,33
5,514544373,CD_A_epoch,97252,97252,0,24,54.844401378899676,35,33
5,514544373,CD_A_epoch,128886,128886,0,24,54.84440137430358,35,33
5,514544373,CD_A_epoch,170809,170809,0,24,54.84440137429483,35,33
5,514544373,CD_A_epoch,226368,226368,0,24,54.844401374294826,35,33
5,514544373,CD_A_epoch,300000,300000,0,24,54.84440137429482,35,33
